0.00000000 -0.00317494
0.00221943 0.01348775
0.00443886 0.02754909
0.00665829 0.04152249
0.00887772 0.05552089
0.01109715 0.06958089
0.01331658 0.08372650
0.01553602 0.09797780
0.01775545 0.11235315
0.01997488 0.12686980
0.02219431 0.14154414
0.02441374 0.15639178
0.02663317 0.17142756
0.02885260 0.18666555
0.03107203 0.20211902
0.03329146 0.21780040
0.03551089 0.23372132
0.03773032 0.24989253
0.03994975 0.26632390
0.04216918 0.28302443
0.04438862 0.30000223
0.04660805 0.31726449
0.04882748 0.33481755
0.05104691 0.35266680
0.05326634 0.37081678
0.05548577 0.38927114
0.05770520 0.40803266
0.05992463 0.42710327
0.06214406 0.44648404
0.06436349 0.46617524
0.06658292 0.48617633
0.06880235 0.50648596
0.07102178 0.52710203
0.07324122 0.54802170
0.07546065 0.56924140
0.07768008 0.59075684
0.07989951 0.61256307
0.08211894 0.63465448
0.08433837 0.65702481
0.08655780 0.67966720
0.08877723 0.70257420
0.09099666 0.72573778
0.09321609 0.74914938
0.09543552 0.77279991
0.09765495 0.79667979
0.09987438 0.82077896
0.10209382 0.84508691
0.10431325 0.86959269
0.10653268 0.89428496
0.10875211 0.91915199
0.11097154 0.94418168
0.11319097 0.96936158
0.11541040 0.99467896
0.11762983 1.02012077
0.11984926 1.04567368
0.12206869 1.07132413
0.12428812 1.09705831
0.12650755 1.12286224
0.12872698 1.14872173
0.13094641 1.17462243
0.13316585 1.20054986
0.13538528 1.22648943
0.13760471 1.25242644
0.13982414 1.27834616
0.14204357 1.30423375
0.14426300 1.33007441
0.14648243 1.35585329
0.14870186 1.38155559
0.15092129 1.40716654
0.15314072 1.43267143
0.15536015 1.45805566
0.15757958 1.48330470
0.15979901 1.50840420
0.16201845 1.53333994
0.16423788 1.55809786
0.16645731 1.58266413
0.16867674 1.60702512
0.17089617 1.63116741

0.17089617 1.63116741
0.17313860 1.61719356
0.17538103 1.60332621
0.17762346 1.58959747
0.17986589 1.57604016
0.18210832 1.56268780
0.18435075 1.54957456
0.18659318 1.53673515
0.18883561 1.52420476
0.19107804 1.51201891
0.19332048 1.50021335
0.19556291 1.48882391
0.19780534 1.47788636
0.20004777 1.46743623
0.20229020 1.45750863
0.20453263 1.44813807
0.20677506 1.43935825
0.20901749 1.43120182
0.21125992 1.42370020
0.21350235 1.41688332
0.21574478 1.41077942
0.21798721 1.40541479
0.22022964 1.40081360
0.22247207 1.39699764
0.22471450 1.39398616
0.22695694 1.39179570
0.22919937 1.39043990
0.23144180 1.38992942
0.23368423 1.39027180
0.23592666 1.39147143
0.23816909 1.39352949
0.24041152 1.39644396
0.24265395 1.40020963
0.24489638 1.40481823

0.24489638 1.40481823
0.24711639 1.41019998
0.24933639 1.41638305
0.25155640 1.42335108
0.25377641 1.43108523
0.25599641 1.43956439
0.25821642 1.44876537
0.26043643 1.45866307
0.26265643 1.46923075
0.26487644 1.48044020
0.26709644 1.49226195
0.26931645 1.50466552
0.27153646 1.49577705
0.27375646 1.48673929
0.27597647 1.48054369
0.27819648 1.47731765
0.28041648 1.47716529
0.28263649 1.48016422
0.28485649 1.48636293
0.28707650 1.49577915
0.28929651 1.50839913
0.29151651 1.52417793
0.29373652 1.54304070
0.29595653 1.56488466
0.29817653 1.58958182
0.30039654 1.61698199
0.30261655 1.64691611
0.30483655 1.67919947
0.30705656 1.71363487
0.30927656 1.75001545
0.31149657 1.78812712
0.31371658 1.82591382
0.31593658 1.84333808
0.31815659 1.86070302
0.32037660 1.85775459
0.32259660 1.84421760
0.32481661 1.82504423
0.32703662 1.78757123
0.32925662 1.75016282
0.33147663 1.71287615
0.33369663 1.67576587
0.33591664 1.63888373
0.33813665 1.60227835
0.34035665 1.56599488
0.34257666 1.53007479
0.34479667 1.49455563
0.34701667 1.45947088
0.34923668 1.42484971
0.35145669 1.39071698
0.35367669 1.35709305
0.35589670 1.32399381
0.35811670 1.29143068
0.36033671 1.25941060
0.36255672 1.22793617
0.36477672 1.19700576
0.36699673 1.16661366
0.36921674 1.13675028
0.37143674 1.10740240
0.37365675 1.07855345
0.37587676 1.05018376
0.37809676 1.02227091
0.38031677 0.99479009
0.38253677 0.96771439
0.38475678 0.94101521
0.38697679 0.91466259
0.38919679 0.88862560
0.39141680 0.86287268
0.39363681 0.83737198
0.39585681 0.81209167
0.39807682 0.78700030
0.40029683 0.76206703
0.40251683 0.73726193
0.40473684 0.71255622
0.40695684 0.68792244
0.40917685 0.66333467
0.41139686 0.63876868
0.41361686 0.61420203
0.41583687 0.58961421
0.41805688 0.56498668
0.42027688 0.54030294
0.42249689 0.51554855
0.42471690 0.49071115
0.42693690 0.46578041
0.42915691 0.44074805
0.43137691 0.41560777
0.43359692 0.39035518
0.43581693 0.36498774
0.43803693 0.33950469
0.44025694 0.31390693
0.44247695 0.28819693
0.44469695 0.26237864
0.44691696 0.23645732
0.44913696 0.21043948
0.45135697 0.18433264
0.45357698 0.15814521
0.45579698 0.13188620
0.45801699 0.10556469
0.46023700 0.07918857
0.46245700 0.05275990
0.46467701 0.02624250
0.46689702 -0.00317494

0.46689702 -0.00317494
0.46912366 0.02778628
0.47135030 0.05583864
0.47357694 0.08381979
0.47580358 0.11176986
0.47803022 0.13969252
0.48025686 0.16758540
0.48248350 0.19544437
0.48471014 0.22326465
0.48693678 0.25104112
0.48916342 0.27876848
0.49139006 0.30644132
0.49361670 0.33405414
0.49584334 0.36160134
0.49806998 0.38907727
0.50029662 0.41647621
0.50252326 0.44379235
0.50474990 0.47101983
0.50697654 0.49815272
0.50920319 0.52518499
0.51142983 0.55211058
0.51365647 0.57892330
0.51588311 0.60561694
0.51810975 0.63218517
0.52033639 0.65862159
0.52256303 0.68491974
0.52478967 0.71107306
0.52701631 0.73707491
0.52924295 0.76291857
0.53146959 0.78859727
0.53369623 0.81410412
0.53592287 0.83943218
0.53814951 0.86457443
0.54037615 0.88952377
0.54260279 0.91427304
0.54482943 0.93881501
0.54705607 0.96314238
0.54928271 0.98724780
0.55150935 1.01112386
0.55373600 1.03476309
0.55596264 1.05815799
0.55818928 1.08130098
0.56041592 1.10418448
0.56264256 1.12680086
0.56486920 1.14914247
0.56709584 1.17120162
0.56932248 1.19297063
0.57154912 1.21444179
0.57377576 1.23560740
0.57600240 1.25645975
0.57822904 1.27699115
0.58045568 1.29719393
0.58268232 1.31706044
0.58490896 1.33658306
0.58713560 1.35575421
0.58936224 1.37456636
0.59158888 1.39301204
0.59381552 1.41108382
0.59604216 1.42877436
0.59826881 1.44607640
0.60049545 1.46298274
0.60272209 1.47948631
0.60494873 1.49558011
0.60717537 1.51125726
0.60940201 1.52651099
0.61162865 1.54133467
0.61385529 1.55572180
0.61608193 1.56966600
0.61830857 1.58316105
0.62053521 1.59620089
0.62276185 1.60877961
0.62498849 1.62089147
0.62721513 1.63253092
0.62944177 1.64369258
0.63166841 1.65437127
0.63389505 1.66456197
0.63612169 1.67425992
0.63834833 1.68346052
0.64057497 1.69215941
0.64280161 1.70035243
0.64502826 1.70803566
0.64725490 1.71520540
0.64948154 1.72185819
0.65170818 1.72799080
0.65393482 1.73360026
0.65616146 1.73868383
0.65838810 1.74323901
0.66061474 1.74726358
0.66284138 1.75075557
0.66506802 1.75371325
0.66729466 1.75613516
0.66952130 1.75802011
0.67174794 1.75936717
0.67397458 1.76017568
0.67620122 1.76044519

0.67620122 1.76044519
0.67844986 1.76054719
0.68069849 1.76085277
0.68294712 1.76136108
0.68519576 1.76207064
0.68744439 1.76297938
0.68969303 1.76408466
0.69194166 1.76538328
0.69419029 1.76687151
0.69643893 1.76854509
0.69868756 1.77039925
0.70093619 1.77242875
0.70318483 1.77462792
0.70543346 1.77699063
0.70768210 1.77951039
0.70993073 1.78218031
0.71217936 1.78499321
0.71442800 1.78794159
0.71667663 1.79101769
0.71892526 1.79421352
0.72117390 1.79752089
0.72342253 1.80093145
0.72567117 1.80443673
0.72791980 1.80802817
0.73016843 1.81169713
0.73241707 1.81543495
0.73466570 1.81923297
0.73691433 1.82308257
0.73916297 1.82697517
0.74141160 1.83090231
0.74366024 1.83485562
0.74590887 1.83882685
0.74815750 1.84280796
0.75040614 1.84679103
0.75265477 1.85076838
0.75490341 1.85473253
0.75715204 1.85867623
0.75940067 1.86259249
0.76164931 1.86647455

0.76164931 1.86647455
0.76389794 1.86047349
0.76614657 1.84687584
0.76839521 1.83053285
0.77064384 1.81330699
0.77289248 1.79587665
0.77514111 1.77853842
0.77738974 1.76144963
0.77963838 1.74470954
0.78188701 1.72839055
0.78413564 1.71255181
0.78638428 1.69724567
0.78863291 1.68252092
0.79088155 1.66842463
0.79313018 1.65500298
0.79537881 1.64230182
0.79762745 1.63036680
0.79987608 1.61924337
0.80212471 1.60897668
0.80437335 1.59961127
0.80662198 1.59119076
0.80887062 1.58375745
0.81111925 1.57735176
0.81336788 1.57201177
0.81561652 1.56777256
0.81786515 1.56466560
0.82011379 1.56271809
0.82236242 1.56195229
0.82461105 1.56238483
0.82685969 1.56402611
0.82910832 1.56687966
0.83135695 1.57094162
0.83360559 1.57620027
0.83585422 1.58263566
0.83810286 1.59021937
0.84035149 1.59891432
0.84260012 1.60867483
0.84484876 1.61944669
0.84709739 1.63116741



0.00000000 -0.00317494
0.00221943 0.04401467
0.00443886 0.08818378
0.00665829 0.13228043
0.00887772 0.17631624
0.01109715 0.22027997
0.01331658 0.26415669
0.01553602 0.30793056
0.01775545 0.35158548
0.01997488 0.39510545
0.02219431 0.43847458
0.02441374 0.48167724
0.02663317 0.52469808
0.02885260 0.56752208
0.03107203 0.61013456
0.03329146 0.65252125
0.03551089 0.69466831
0.03773032 0.73656233
0.03994975 0.77819039
0.04216918 0.81954008
0.04438862 0.86059953
0.04660805 0.90135740
0.04882748 0.94180295
0.05104691 0.98192605
0.05326634 1.02171717
0.05548577 1.06116745
0.05770520 1.10026868
0.05992463 1.13901333
0.06214406 1.17739459
0.06436349 1.21540633
0.06658292 1.25304318
0.06880235 1.29030049
0.07102178 1.32717439
0.07324122 1.36366173
0.07546065 1.39976017
0.07768008 1.43546811
0.07989951 1.47078476
0.08211894 1.50571010
0.08433837 1.54024487
0.08655780 1.57439064
0.08877723 1.60814970
0.09099666 1.64152514
0.09321609 1.67452082
0.09543552 1.70714134
0.09765495 1.73939203
0.09987438 1.77127896
0.10209382 1.80280890
0.10431325 1.83398930
0.10653268 1.86482829
0.10875211 1.89533463
0.11097154 1.92551770
0.11319097 1.95538744
0.11541040 1.98495438
0.11762983 2.01422953
0.11984926 2.04322441
0.12206869 2.07195096
0.12428812 2.06751777
0.12650755 2.05043250
0.12872698 2.03293553
0.13094641 2.01503120
0.13316585 1.99258605
0.13538528 1.95965991
0.13760471 1.92708529
0.13982414 1.89507700
0.14204357 1.86385782
0.14426300 1.83365693
0.14648243 1.80470797
0.14870186 1.77724679
0.15092129 1.75150862
0.15314072 1.72772488
0.15536015 1.70611950
0.15757958 1.68690486
0.15979901 1.67027744
0.16201845 1.65641340
0.16423788 1.64546416
0.16645731 1.63755235
0.16867674 1.63276833
0.17089617 1.63116743

0.17089617 1.63116743
0.17313860 1.63178933
0.17538103 1.63364958
0.17762346 1.63673210
0.17986589 1.64101034
0.18210832 1.64644782
0.18435075 1.65299867
0.18659318 1.66060847
0.18883561 1.66921503
0.19107804 1.67874938
0.19332048 1.68913675
0.19556291 1.70029756
0.19780534 1.71214849
0.20004777 1.72460339
0.20229020 1.73757428
0.20453263 1.75097222
0.20677506 1.76470807
0.20901749 1.77869331
0.21125992 1.79284063
0.21350235 1.80706456
0.21574478 1.82128195
0.21798721 1.83541246
0.22022964 1.84937891
0.22247207 1.86310766
0.22471450 1.87652889
0.22695694 1.88957690
0.22919937 1.90219039
0.23144180 1.91431268
0.23368423 1.92282670
0.23592666 1.89049240
0.23816909 1.85837343
0.24041152 1.82657370
0.24265395 1.79520594
0.24489638 1.76439215

0.24489638 1.76439215
0.24711639 1.73456141
0.24933639 1.70553978
0.25155640 1.67747381
0.25377641 1.65051916
0.25599641 1.62484007
0.25821642 1.60060845
0.26043643 1.57800254
0.26265643 1.55720516
0.26487644 1.53840145
0.26709644 1.52177610
0.26931645 1.50751009
0.27153646 1.51761958
0.27375646 1.53109214
0.27597647 1.54505078
0.27819648 1.55946277
0.28041648 1.57429529
0.28263649 1.58951549
0.28485649 1.60509074
0.28707650 1.62098863
0.28929651 1.63717719
0.29151651 1.65362491
0.29373652 1.67030085
0.29595653 1.68717474
0.29817653 1.70421699
0.30039654 1.72139882
0.30261655 1.73869220
0.30483655 1.75607001
0.30705656 1.77350598
0.30927656 1.79097474
0.31149657 1.80845185
0.31371658 1.82775071
0.31593658 1.86866359
0.31815659 1.87074302
0.32037660 1.87798799
0.32259660 1.86252245
0.32481661 1.83013308
0.32703662 1.81550223
0.32925662 1.80032643
0.33147663 1.78460719
0.33369663 1.76834621
0.33591664 1.75154538
0.33813665 1.73420673
0.34035665 1.71633252
0.34257666 1.69792517
0.34479667 1.67898730
0.34701667 1.65952173
0.34923668 1.63953150
0.35145669 1.61901984
0.35367669 1.59799021
0.35589670 1.57644630
0.35811670 1.55439200
0.36033671 1.53183146
0.36255672 1.50876906
0.36477672 1.48520941
0.36699673 1.46115740
0.36921674 1.43661813
0.37143674 1.41159700
0.37365675 1.38609965
0.37587676 1.36013198
0.37809676 1.33370017
0.38031677 1.30681066
0.38253677 1.27947019
0.38475678 1.25168575
0.38697679 1.22346461
0.38919679 1.19481434
0.39141680 1.16574277
0.39363681 1.13625803
0.39585681 1.10636851
0.39807682 1.07608291
0.40029683 1.04541018
0.40251683 1.01435957
0.40473684 0.98294059
0.40695684 0.95116303
0.40917685 0.91903697
0.41139686 0.88657272
0.41361686 0.85378087
0.41583687 0.82067228
0.41805688 0.78725804
0.42027688 0.75354950
0.42249689 0.71955825
0.42471690 0.68529609
0.42693690 0.65077509
0.42915691 0.61600749
0.43137691 0.58100576
0.43359692 0.54578256
0.43581693 0.51035076
0.43803693 0.47472338
0.44025694 0.43891361
0.44247695 0.40293481
0.44469695 0.36680046
0.44691696 0.33052416
0.44913696 0.29411960
0.45135697 0.25760054
0.45357698 0.22098072
0.45579698 0.18427377
0.45801699 0.14749288
0.46023700 0.11065004
0.46245700 0.07375271
0.46467701 0.03678092
0.46689702 -0.00317494

0.46689702 -0.00317494
0.46912366 0.02778628
0.47135030 0.05583864
0.47357694 0.08381979
0.47580358 0.11176986
0.47803022 0.13969252
0.48025686 0.16758540
0.48248350 0.19544438
0.48471014 0.22326465
0.48693678 0.25104112
0.48916342 0.27876848
0.49139006 0.30644133
0.49361670 0.33405414
0.49584334 0.36160134
0.49806998 0.38907728
0.50029662 0.41647621
0.50252326 0.44379235
0.50474990 0.47101984
0.50697654 0.49815272
0.50920319 0.52518500
0.51142983 0.55211058
0.51365647 0.57892331
0.51588311 0.60561694
0.51810975 0.63218517
0.52033639 0.65862160
0.52256303 0.68491974
0.52478967 0.71107306
0.52701631 0.73707491
0.52924295 0.76291858
0.53146959 0.78859727
0.53369623 0.81410412
0.53592287 0.83943218
0.53814951 0.86457443
0.54037615 0.88952377
0.54260279 0.91427304
0.54482943 0.93881501
0.54705607 0.96314238
0.54928271 0.98724781
0.55150935 1.01112387
0.55373600 1.03476310
0.55596264 1.05815799
0.55818928 1.08130098
0.56041592 1.10418449
0.56264256 1.12680087
0.56486920 1.14914247
0.56709584 1.17120163
0.56932248 1.19297064
0.57154912 1.21444180
0.57377576 1.23560740
0.57600240 1.25645975
0.57822904 1.27699115
0.58045568 1.29719394
0.58268232 1.31706044
0.58490896 1.33658306
0.58713560 1.35575422
0.58936224 1.37456637
0.59158888 1.39301204
0.59381552 1.41108383
0.59604216 1.42877437
0.59826881 1.44607641
0.60049545 1.46298275
0.60272209 1.47948632
0.60494873 1.49558011
0.60717537 1.51125726
0.60940201 1.52651100
0.61162865 1.54133468
0.61385529 1.55572181
0.61608193 1.56966600
0.61830857 1.58316106
0.62053521 1.59620089
0.62276185 1.60877961
0.62498849 1.62089148
0.62721513 1.63253093
0.62944177 1.64369259
0.63166841 1.65437127
0.63389505 1.66456198
0.63612169 1.67425993
0.63834833 1.68346053
0.64057497 1.69215942
0.64280161 1.70035244
0.64502826 1.70803567
0.64725490 1.71520541
0.64948154 1.72185820
0.65170818 1.72799081
0.65393482 1.73360027
0.65616146 1.73868383
0.65838810 1.74323902
0.66061474 1.74726359
0.66284138 1.75075558
0.66506802 1.75371326
0.66729466 1.75613517
0.66952130 1.75802012
0.67174794 1.75936718
0.67397458 1.76017569
0.67620122 1.76044521

0.67620122 1.76044521
0.67844986 1.76054720
0.68069849 1.76085278
0.68294712 1.76136109
0.68519576 1.76207065
0.68744439 1.76297939
0.68969303 1.76408467
0.69194166 1.76538329
0.69419029 1.76687152
0.69643893 1.76854510
0.69868756 1.77039926
0.70093619 1.77242876
0.70318483 1.77462793
0.70543346 1.77699064
0.70768210 1.77951040
0.70993073 1.78218032
0.71217936 1.78499322
0.71442800 1.78794160
0.71667663 1.79101770
0.71892526 1.79421353
0.72117390 1.79752090
0.72342253 1.80093146
0.72567117 1.80443674
0.72791980 1.80802818
0.73016843 1.81169714
0.73241707 1.81543496
0.73466570 1.81923298
0.73691433 1.82308258
0.73916297 1.82697518
0.74141160 1.83090232
0.74366024 1.83485563
0.74590887 1.83882686
0.74815750 1.84280797
0.75040614 1.84679104
0.75265477 1.85076839
0.75490341 1.85473254
0.75715204 1.85867625
0.75940067 1.86259250
0.76164931 1.86647456

0.76164931 1.86647456
0.76389794 1.86047350
0.76614657 1.84687585
0.76839521 1.83053287
0.77064384 1.81330700
0.77289248 1.79587667
0.77514111 1.77853844
0.77738974 1.76144965
0.77963838 1.74470955
0.78188701 1.72839056
0.78413564 1.71255183
0.78638428 1.69724569
0.78863291 1.68252094
0.79088155 1.66842465
0.79313018 1.65500300
0.79537881 1.64230184
0.79762745 1.63036682
0.79987608 1.61924339
0.80212471 1.60897670
0.80437335 1.59961129
0.80662198 1.59119079
0.80887062 1.58375747
0.81111925 1.57735179
0.81336788 1.57201180
0.81561652 1.56777258
0.81786515 1.56466563
0.82011379 1.56271812
0.82236242 1.56195231
0.82461105 1.56238486
0.82685969 1.56402613
0.82910832 1.56687968
0.83135695 1.57094164
0.83360559 1.57620029
0.83585422 1.58263569
0.83810286 1.59021939
0.84035149 1.59891435
0.84260012 1.60867486
0.84484876 1.61944671
0.84709739 1.63116743



0.00000000 -0.00317494
0.00221943 0.09692557
0.00443886 0.19383881
0.00665829 0.29055431
0.00887772 0.38699526
0.01109715 0.48307501
0.01331658 0.57870580
0.01553602 0.67380025
0.01775545 0.76827178
0.01997488 0.86203492
0.02219431 0.95500548
0.02441374 1.04710074
0.02663317 1.13823960
0.02885260 1.22834278
0.03107203 1.31733294
0.03329146 1.40513483
0.03551089 1.49167544
0.03773032 1.57688417
0.03994975 1.66069291
0.04216918 1.74303621
0.04438862 1.82385141
0.04660805 1.90307876
0.04882748 1.98066149
0.05104691 2.05654600
0.05326634 2.13068192
0.05548577 2.20302219
0.05770520 2.27352320
0.05992463 2.34214487
0.06214406 2.37847396
0.06436349 2.37248379
0.06658292 2.36617051
0.06880235 2.35952573
0.07102178 2.35254123
0.07324122 2.34520900
0.07546065 2.33752129
0.07768008 2.32947065
0.07989951 2.32104988
0.08211894 2.31225217
0.08433837 2.30307103
0.08655780 2.29350037
0.08877723 2.28353448
0.09099666 2.27316811
0.09321609 2.26239641
0.09543552 2.25121503
0.09765495 2.23962009
0.09987438 2.22760819
0.10209382 2.21517644
0.10431325 2.20232250
0.10653268 2.18904453
0.10875211 2.17534123
0.11097154 2.16121188
0.11319097 2.14665629
0.11541040 2.13167483
0.11762983 2.11626846
0.11984926 2.10043868
0.12206869 2.08418756
0.12428812 2.10042153
0.12650755 2.09146909
0.12872698 2.05868057
0.13094641 2.02565808
0.13316585 1.99258605
0.13538528 1.95965991
0.13760471 1.92708529
0.13982414 1.89507700
0.14204357 1.86385783
0.14426300 1.83365693
0.14648243 1.80470797
0.14870186 1.77724679
0.15092129 1.75150862
0.15314072 1.72772488
0.15536015 1.70611951
0.15757958 1.68690486
0.15979901 1.67027744
0.16201845 1.65641340
0.16423788 1.64546416
0.16645731 1.63755235
0.16867674 1.63276833
0.17089617 1.63116745

0.17089617 1.63116745
0.17313860 1.63178933
0.17538103 1.63364958
0.17762346 1.63673210
0.17986589 1.64101034
0.18210832 1.64644782
0.18435075 1.65299868
0.18659318 1.66060848
0.18883561 1.66921504
0.19107804 1.67874939
0.19332048 1.68913675
0.19556291 1.70029756
0.19780534 1.71214849
0.20004777 1.72460339
0.20229020 1.73757429
0.20453263 1.75097222
0.20677506 1.76470807
0.20901749 1.77869331
0.21125992 1.79284063
0.21350235 1.80706456
0.21574478 1.82128196
0.21798721 1.83541247
0.22022964 1.84937892
0.22247207 1.86310767
0.22471450 1.87652889
0.22695694 1.88957691
0.22919937 1.90219040
0.23144180 1.91431269
0.23368423 1.92589199
0.23592666 1.93688167
0.23816909 1.94724047
0.24041152 1.95693279
0.24265395 1.96592889
0.24489638 1.97420514

0.24489638 1.97420514
0.24711639 1.98167249
0.24933639 1.98840670
0.25155640 1.99440347
0.25377641 1.99966488
0.25599641 2.00419932
0.25821642 2.00802155
0.26043643 2.01115251
0.26265643 2.01361921
0.26487644 2.01545454
0.26709644 2.01669705
0.26931645 2.01739067
0.27153646 2.01655110
0.27375646 2.01505303
0.27597647 2.01302029
0.27819648 2.01045047
0.28041648 2.00734142
0.28263649 2.00369114
0.28485649 1.99949785
0.28707650 1.99475995
0.28929651 1.98947602
0.29151651 1.98364480
0.29373652 1.97726521
0.29595653 1.97033633
0.29817653 1.96285738
0.30039654 1.95482777
0.30261655 1.94624703
0.30483655 1.93711485
0.30705656 1.92743108
0.30927656 1.91719570
0.31149657 1.90640885
0.31371658 1.89507081
0.31593658 1.88318201
0.31815659 1.91064093
0.32037660 1.89994470
0.32259660 1.89517326
0.32481661 1.91224008
0.32703662 1.92917060
0.32925662 1.94594792
0.33147663 1.96255605
0.33369663 1.97897991
0.33591664 1.99520529
0.33813665 2.01121889
0.34035665 2.02700824
0.34257666 2.04256173
0.34479667 2.05786857
0.34701667 2.07291877
0.34923668 2.08770316
0.35145669 2.10221332
0.35367669 2.11644157
0.35589670 2.13038099
0.35811670 2.14402535
0.36033671 2.15736913
0.36255672 2.17040747
0.36477672 2.18313615
0.36699673 2.19555159
0.36921674 2.20765081
0.37143674 2.21943142
0.37365675 2.23089158
0.37587676 2.24202998
0.37809676 2.25284584
0.38031677 2.26333885
0.38253677 2.27350920
0.38475678 2.28335747
0.38697679 2.29288470
0.38919679 2.30209229
0.39141680 2.31098204
0.39363681 2.31955605
0.39585681 2.32781677
0.39807682 2.33576693
0.40029683 2.34340951
0.40251683 2.35074774
0.40473684 2.35778506
0.40695684 2.36452510
0.40917685 2.30082054
0.41139686 2.22785584
0.41361686 2.15324769
0.41583687 2.07702741
0.41805688 1.99922989
0.42027688 1.91989359
0.42249689 1.83906050
0.42471690 1.75677606
0.42693690 1.67308912
0.42915691 1.58805186
0.43137691 1.50171969
0.43359692 1.41415114
0.43581693 1.32540775
0.43803693 1.23555395
0.44025694 1.14465690
0.44247695 1.05278635
0.44469695 0.96001450
0.44691696 0.86641577
0.44913696 0.77206667
0.45135697 0.67704561
0.45357698 0.58143263
0.45579698 0.48530922
0.45801699 0.38875799
0.46023700 0.29186214
0.46245700 0.19470404
0.46467701 0.09735634
0.46689702 -0.00317494

0.46689702 -0.00317494
0.46912366 0.10022671
0.47135030 0.20045832
0.47357694 0.30053227
0.47580358 0.40039091
0.47803022 0.49996684
0.48025686 0.59919137
0.48248350 0.69799579
0.48471014 0.79631181
0.48693678 0.89407172
0.48916342 0.99120856
0.49139006 1.08765617
0.49361670 1.18334935
0.49584334 1.27822394
0.49806998 1.37221689
0.50029662 1.46526638
0.50252326 1.55731189
0.50474990 1.64829430
0.50697654 1.73815596
0.50920319 1.82684078
0.51142983 1.91429433
0.51365647 2.00046389
0.51588311 2.08529853
0.51810975 2.16874922
0.52033639 2.25076886
0.52256303 2.33131238
0.52478967 2.38185695
0.52701631 2.37624959
0.52924295 2.37038184
0.53146959 2.36425084
0.53369623 2.35785404
0.53592287 2.35118922
0.53814951 2.34425457
0.54037615 2.33704869
0.54260279 2.32957061
0.54482943 2.32181988
0.54705607 2.31379653
0.54928271 2.30550117
0.55150935 2.29693499
0.55373600 2.28809977
0.55596264 2.27899795
0.55818928 2.26963263
0.56041592 2.26000763
0.56264256 2.25012746
0.56486920 2.23999740
0.56709584 2.22962352
0.56932248 2.21901266
0.57154912 2.20817248
0.57377576 2.19711150
0.57600240 2.18583906
0.57822904 2.17436541
0.58045568 2.16270165
0.58268232 2.15085980
0.58490896 2.13885277
0.58713560 2.12669438
0.58936224 2.11439938
0.59158888 2.10198342
0.59381552 2.08946307
0.59604216 2.07685579
0.59826881 2.06417998
0.60049545 2.05145487
0.60272209 2.03870059
0.60494873 2.02593810
0.60717537 2.01318918
0.60940201 2.00047640
0.61162865 1.98782304
0.61385529 1.97525312
0.61608193 1.96279128
0.61830857 1.95046277
0.62053521 1.93829335
0.62276185 1.92630926
0.62498849 1.91453709
0.62721513 1.90300374
0.62944177 1.89173632
0.63166841 1.88076202
0.63389505 1.87010805
0.63612169 1.85980149
0.63834833 1.84986916
0.64057497 1.84033756
0.64280161 1.83123267
0.64502826 1.82257985
0.64725490 1.81440369
0.64948154 1.80672788
0.65170818 1.79957505
0.65393482 1.79296667
0.65616146 1.78692288
0.65838810 1.78146236
0.66061474 1.77660220
0.66284138 1.77235781
0.66506802 1.76874278
0.66729466 1.76576878
0.66952130 1.76344548
0.67174794 1.76178050
0.67397458 1.76077931
0.67620122 1.76044522

0.67620122 1.76044522
0.67844986 1.76063330
0.68069849 1.76119659
0.68294712 1.76213235
0.68519576 1.76343597
0.68744439 1.76510113
0.68969303 1.76711978
0.69194166 1.76948229
0.69419029 1.77217752
0.69643893 1.77519293
0.69868756 1.77851472
0.70093619 1.78212798
0.70318483 1.78601677
0.70543346 1.79016431
0.70768210 1.79455311
0.70993073 1.79916511
0.71217936 1.80398178
0.71442800 1.80898431
0.71667663 1.81415366
0.71892526 1.81947073
0.72117390 1.82491642
0.72342253 1.83047174
0.72567117 1.83611789
0.72791980 1.84183631
0.73016843 1.84760875
0.73241707 1.85341733
0.73466570 1.85924453
0.73691433 1.86507325
0.73916297 1.87088685
0.74141160 1.87666910
0.74366024 1.88240420
0.74590887 1.88807682
0.74815750 1.89367203
0.75040614 1.89917531
0.75265477 1.90457253
0.75490341 1.90984995
0.75715204 1.91499414
0.75940067 1.91999204
0.76164931 1.92483087

0.76164931 1.92483087
0.76389794 1.93110717
0.76614657 1.94553191
0.76839521 1.96325792
0.77064384 1.98242952
0.77289248 2.00237773
0.77514111 2.01481489
0.77738974 2.01125716
0.77963838 2.00709333
0.78188701 2.00230132
0.78413564 1.99685824
0.78638428 1.99074123
0.78863291 1.98392842
0.79088155 1.97639998
0.79313018 1.96813919
0.79537881 1.95913362
0.79762745 1.94937628
0.79987608 1.93886668
0.80212471 1.92761187
0.80437335 1.91562731
0.80662198 1.90293752
0.80887062 1.88957659
0.81111925 1.87558832
0.81336788 1.86102625
0.81561652 1.84595328
0.81786515 1.83044115
0.82011379 1.81456966
0.82236242 1.79842570
0.82461105 1.78210215
0.82685969 1.76569665
0.82910832 1.74931032
0.83135695 1.73304644
0.83360559 1.71700915
0.83585422 1.70130213
0.83810286 1.68602735
0.84035149 1.67128393
0.84260012 1.65716701
0.84484876 1.64376675
0.84709739 1.63116745



0.00000000 2.44833380
0.00221943 2.44826161
0.00443886 2.44804466
0.00665829 2.44768212
0.00887772 2.44717254
0.01109715 2.44651391
0.01331658 2.44570366
0.01553602 2.44473866
0.01775545 2.44361528
0.01997488 2.44232933
0.02219431 2.44087615
0.02441374 2.43925058
0.02663317 2.43744703
0.02885260 2.43545946
0.03107203 2.43328141
0.03329146 2.43090607
0.03551089 2.42832628
0.03773032 2.42553453
0.03994975 2.42252305
0.04216918 2.41928381
0.04438862 2.41580856
0.04660805 2.41208885
0.04882748 2.40811610
0.05104691 2.40388159
0.05326634 2.39937653
0.05548577 2.39459207
0.05770520 2.38951937
0.05992463 2.38414959
0.06214406 2.40885068
0.06436349 2.47360780
0.06658292 2.51804680
0.06880235 2.52216157
0.07102178 2.52633343
0.07324122 2.53055556
0.07546065 2.53482103
0.07768008 2.53912282
0.07989951 2.53313789
0.08211894 2.52568514
0.08433837 2.51694567
0.08655780 2.50687292
0.08877723 2.49542532
0.09099666 2.48256714
0.09321609 2.46826936
0.09543552 2.45251057
0.09765495 2.43527793
0.09987438 2.41656803
0.10209382 2.39638775
0.10431325 2.37475507
0.10653268 2.35169972
0.10875211 2.32726383
0.11097154 2.30150233
0.11319097 2.27448334
0.11541040 2.24628839
0.11762983 2.21701247
0.11984926 2.18676411
0.12206869 2.15566520
0.12428812 2.12385085
0.12650755 2.09146910
0.12872698 2.05868058
0.13094641 2.02565808
0.13316585 1.99672441
0.13538528 1.97802058
0.13760471 1.95892570
0.13982414 1.93944627
0.14204357 1.91958932
0.14426300 1.89936241
0.14648243 1.87877356
0.14870186 1.85783132
0.15092129 1.83654467
0.15314072 1.81492310
0.15536015 1.79297649
0.15757958 1.77071519
0.15979901 1.74814995
0.16201845 1.72529191
0.16423788 1.70215259
0.16645731 1.67874387
0.16867674 1.65507798
0.17089617 1.63116748

0.17089617 1.63116748
0.17313860 1.64521664
0.17538103 1.65931076
0.17762346 1.67342030
0.17986589 1.68751666
0.18210832 1.70157219
0.18435075 1.71556013
0.18659318 1.72945470
0.18883561 1.74323103
0.19107804 1.75686519
0.19332048 1.77033417
0.19556291 1.78361587
0.19780534 1.79668909
0.20004777 1.80953352
0.20229020 1.82212970
0.20453263 1.83445903
0.20677506 1.84650372
0.20901749 1.85824679
0.21125992 1.86967205
0.21350235 1.88076405
0.21574478 1.89150809
0.21798721 1.90189017
0.22022964 1.91189699
0.22247207 1.92151592
0.22471450 1.93073496
0.22695694 1.93954273
0.22919937 1.94792846
0.23144180 1.95528079
0.23368423 1.92589199
0.23592666 1.93688167
0.23816909 1.94724048
0.24041152 1.95693280
0.24265395 1.96592890
0.24489638 1.97420514

0.24489638 1.97420514
0.24711639 1.98167249
0.24933639 1.98840670
0.25155640 1.99440348
0.25377641 1.99966488
0.25599641 2.00419933
0.25821642 2.00802157
0.26043643 2.01115252
0.26265643 2.01361923
0.26487644 2.01545456
0.26709644 2.01669707
0.26931645 2.01739069
0.27153646 2.01758445
0.27375646 2.01733221
0.27597647 2.01669222
0.27819648 2.01572676
0.28041648 2.01450174
0.28263649 2.01308616
0.28485649 2.01155162
0.28707650 2.00997169
0.28929651 2.00842130
0.29151651 2.00697598
0.29373652 2.00571114
0.29595653 2.00470126
0.29817653 2.00401902
0.30039654 2.00373445
0.30261655 2.00391404
0.30483655 2.00461988
0.30705656 2.00590882
0.30927656 2.00783165
0.31149657 2.01043236
0.31371658 2.01124417
0.31593658 1.97436961
0.31815659 1.93724832
0.32037660 1.95345667
0.32259660 1.99688406
0.32481661 2.04069607
0.32703662 2.04964490
0.32925662 2.05828025
0.33147663 2.06761782
0.33369663 2.07761904
0.33591664 2.08823852
0.33813665 2.09942487
0.34035665 2.11112150
0.34257666 2.12326747
0.34479667 2.13579842
0.34701667 2.14864749
0.34923668 2.16174620
0.35145669 2.17502541
0.35367669 2.18841611
0.35589670 2.20185029
0.35811670 2.21526166
0.36033671 2.22858635
0.36255672 2.24176352
0.36477672 2.25473589
0.36699673 2.26745022
0.36921674 2.27985764
0.37143674 2.29191398
0.37365675 2.30357997
0.37587676 2.31482136
0.37809676 2.32560900
0.38031677 2.33591884
0.38253677 2.34573181
0.38475678 2.35503376
0.38697679 2.36381522
0.38919679 2.37207122
0.39141680 2.37980098
0.39363681 2.38700768
0.39585681 2.39369808
0.39807682 2.39988219
0.40029683 2.40557296
0.40251683 2.41078589
0.40473684 2.41553869
0.40695684 2.37211410
0.40917685 2.37097165
0.41139686 2.37712863
0.41361686 2.38300007
0.41583687 2.38859010
0.41805688 2.39390287
0.42027688 2.39894260
0.42249689 2.40371352
0.42471690 2.40821982
0.42693690 2.41246566
0.42915691 2.41645517
0.43137691 2.42019234
0.43359692 2.42368111
0.43581693 2.42692527
0.43803693 2.42992847
0.44025694 2.43269418
0.44247695 2.43522571
0.44469695 2.43752616
0.44691696 2.43959842
0.44913696 2.44144515
0.45135697 2.44306877
0.45357698 2.44447143
0.45579698 2.44565504
0.45801699 2.44662120
0.46023700 2.44737127
0.46245700 2.44790627
0.46467701 2.44822698
0.46689702 2.44833380

0.46689702 2.44833380
0.46912366 2.44824373
0.47135030 2.44797331
0.47357694 2.44752203
0.47580358 2.44688906
0.47803022 2.44607322
0.48025686 2.44507302
0.48248350 2.44388663
0.48471014 2.44251196
0.48693678 2.44094659
0.48916342 2.43918787
0.49139006 2.43723286
0.49361670 2.43507841
0.49584334 2.43272114
0.49806998 2.43015749
0.50029662 2.42738374
0.50252326 2.42439601
0.50474990 2.42119033
0.50697654 2.41776263
0.50920319 2.41410879
0.51142983 2.41022466
0.51365647 2.40610612
0.51588311 2.40174905
0.51810975 2.39714945
0.52033639 2.39230339
0.52256303 2.38720709
0.52478967 2.38185696
0.52701631 2.37624959
0.52924295 2.37038184
0.53146959 2.36425084
0.53369623 2.35785404
0.53592287 2.35118923
0.53814951 2.34425458
0.54037615 2.33704869
0.54260279 2.32957062
0.54482943 2.32181988
0.54705607 2.31379653
0.54928271 2.30550118
0.55150935 2.29693499
0.55373600 2.28809977
0.55596264 2.27899795
0.55818928 2.26963264
0.56041592 2.26000763
0.56264256 2.25012746
0.56486920 2.23999741
0.56709584 2.22962353
0.56932248 2.21901266
0.57154912 2.20817249
0.57377576 2.19711150
0.57600240 2.18583907
0.57822904 2.17436542
0.58045568 2.16270166
0.58268232 2.15085981
0.58490896 2.13885278
0.58713560 2.12669439
0.58936224 2.11439939
0.59158888 2.10198343
0.59381552 2.08946307
0.59604216 2.07685580
0.59826881 2.06417998
0.60049545 2.05145488
0.60272209 2.03870060
0.60494873 2.02593811
0.60717537 2.01318920
0.60940201 2.00047641
0.61162865 1.98782305
0.61385529 1.97525313
0.61608193 1.96279129
0.61830857 1.95046278
0.62053521 1.93829337
0.62276185 1.92630927
0.62498849 1.91453710
0.62721513 1.90300375
0.62944177 1.89173633
0.63166841 1.88076204
0.63389505 1.87010807
0.63612169 1.85980150
0.63834833 1.84986918
0.64057497 1.84033758
0.64280161 1.83123269
0.64502826 1.82257987
0.64725490 1.81440371
0.64948154 1.80672789
0.65170818 1.79957507
0.65393482 1.79296669
0.65616146 1.78692290
0.65838810 1.78146238
0.66061474 1.77660222
0.66284138 1.77235783
0.66506802 1.76874280
0.66729466 1.76576879
0.66952130 1.76344550
0.67174794 1.76178052
0.67397458 1.76077933
0.67620122 1.76044523

0.67620122 1.76044523
0.67844986 1.76063331
0.68069849 1.76119661
0.68294712 1.76213236
0.68519576 1.76343599
0.68744439 1.76510114
0.68969303 1.76711980
0.69194166 1.76948231
0.69419029 1.77217754
0.69643893 1.77519295
0.69868756 1.77851474
0.70093619 1.78212800
0.70318483 1.78601678
0.70543346 1.79016432
0.70768210 1.79455313
0.70993073 1.79916512
0.71217936 1.80398180
0.71442800 1.80898432
0.71667663 1.81415368
0.71892526 1.81947074
0.72117390 1.82491644
0.72342253 1.83047176
0.72567117 1.83611791
0.72791980 1.84183633
0.73016843 1.84760877
0.73241707 1.85341734
0.73466570 1.85924454
0.73691433 1.86507327
0.73916297 1.87088687
0.74141160 1.87666911
0.74366024 1.88240422
0.74590887 1.88807684
0.74815750 1.89367205
0.75040614 1.89917532
0.75265477 1.90457255
0.75490341 1.90984996
0.75715204 1.91499416
0.75940067 1.91999206
0.76164931 1.92483089

0.76164931 1.92483089
0.76389794 1.93110719
0.76614657 1.94553192
0.76839521 1.96325793
0.77064384 1.98242953
0.77289248 2.00237774
0.77514111 2.01481492
0.77738974 2.01125719
0.77963838 2.00709336
0.78188701 2.00230135
0.78413564 1.99685827
0.78638428 1.99074126
0.78863291 1.98392845
0.79088155 1.97640001
0.79313018 1.96813922
0.79537881 1.95913365
0.79762745 1.94937631
0.79987608 1.93886671
0.80212471 1.92761190
0.80437335 1.91562734
0.80662198 1.90293755
0.80887062 1.88957661
0.81111925 1.87558835
0.81336788 1.86102627
0.81561652 1.84595330
0.81786515 1.83044117
0.82011379 1.81456968
0.82236242 1.79842573
0.82461105 1.78210218
0.82685969 1.76569667
0.82910832 1.74931034
0.83135695 1.73304647
0.83360559 1.71700918
0.83585422 1.70130215
0.83810286 1.68602738
0.84035149 1.67128396
0.84260012 1.65716704
0.84484876 1.64376678
0.84709739 1.63116748



0.00000000 2.44833382
0.00221943 2.44842101
0.00443886 2.44868243
0.00665829 2.44911768
0.00887772 2.44972610
0.01109715 2.45050674
0.01331658 2.45145840
0.01553602 2.45257961
0.01775545 2.45386865
0.01997488 2.45532350
0.02219431 2.45694193
0.02441374 2.45872142
0.02663317 2.46065922
0.02885260 2.46275229
0.03107203 2.46499739
0.03329146 2.46739101
0.03551089 2.46992940
0.03773032 2.47260859
0.03994975 2.47542436
0.04216918 2.47837228
0.04438862 2.48144770
0.04660805 2.48464575
0.04882748 2.48796135
0.05104691 2.49138924
0.05326634 2.49492395
0.05548577 2.49855982
0.05770520 2.50229103
0.05992463 2.50611157
0.06214406 2.51001527
0.06436349 2.51399584
0.06658292 2.51804680
0.06880235 2.52216157
0.07102178 2.52633343
0.07324122 2.53055557
0.07546065 2.53482104
0.07768008 2.53912282
0.07989951 2.53313791
0.08211894 2.52568515
0.08433837 2.51694568
0.08655780 2.50687293
0.08877723 2.49542533
0.09099666 2.48256715
0.09321609 2.46826937
0.09543552 2.45251058
0.09765495 2.43527794
0.09987438 2.41656804
0.10209382 2.39638776
0.10431325 2.37475508
0.10653268 2.35169973
0.10875211 2.32726384
0.11097154 2.30150234
0.11319097 2.27448335
0.11541040 2.24628839
0.11762983 2.21701248
0.11984926 2.18676411
0.12206869 2.15566520
0.12428812 2.12385085
0.12650755 2.12864883
0.12872698 2.15664588
0.13094641 2.18442596
0.13316585 2.21200258
0.13538528 2.23938940
0.13760471 2.26660020
0.13982414 2.29364883
0.14204357 2.32054915
0.14426300 2.34731495
0.14648243 2.37395994
0.14870186 2.40049768
0.15092129 2.42694148
0.15314072 2.45330441
0.15536015 2.47959922
0.15757958 2.50583827
0.15979901 2.53203347
0.16201845 2.55819629
0.16423788 2.58433761
0.16645731 2.61046778
0.16867674 2.63659646
0.17089617 2.66273269

0.17089617 2.66273269
0.17313860 2.64697929
0.17538103 2.63021588
0.17762346 2.61244344
0.17986589 2.59367010
0.18210832 2.57391038
0.18435075 2.55318431
0.18659318 2.53151643
0.18883561 2.50893488
0.19107804 2.48547051
0.19332048 2.46115622
0.19556291 2.43602633
0.19780534 2.41011625
0.20004777 2.38346216
0.20229020 2.35610094
0.20453263 2.32807018
0.20677506 2.29940833
0.20901749 2.27015487
0.21125992 2.24035066
0.21350235 2.21003827
0.21574478 2.17926238
0.21798721 2.14807028
0.22022964 2.11651232
0.22247207 2.08464245
0.22471450 2.05251881
0.22695694 2.02020421
0.22919937 1.98776684
0.23144180 1.95588196
0.23368423 1.96339356
0.23592666 1.97045416
0.23816909 1.97705514
0.24041152 1.98318839
0.24265395 1.98884627
0.24489638 1.99402157

0.24489638 1.99402157
0.24711639 1.99866310
0.24933639 2.00281886
0.25155640 2.00648305
0.25377641 2.00965024
0.25599641 2.01231534
0.25821642 2.01447360
0.26043643 2.01612058
0.26265643 2.01725214
0.26487644 2.01786442
0.26709644 2.01795384
0.26931645 2.01751709
0.27153646 2.01758447
0.27375646 2.01733223
0.27597647 2.01669224
0.27819648 2.01572678
0.28041648 2.01450176
0.28263649 2.01308618
0.28485649 2.01155164
0.28707650 2.00997172
0.28929651 2.00842132
0.29151651 2.00697600
0.29373652 2.00571117
0.29595653 2.00470129
0.29817653 2.00401904
0.30039654 2.00373447
0.30261655 2.00391406
0.30483655 2.00461991
0.30705656 2.00590885
0.30927656 2.00783167
0.31149657 2.01043239
0.31371658 2.01374754
0.31593658 2.01780580
0.31815659 2.02262735
0.32037660 2.02822373
0.32259660 2.03459764
0.32481661 2.04174297
0.32703662 2.04964493
0.32925662 2.05828027
0.33147663 2.06761785
0.33369663 2.07761906
0.33591664 2.08823854
0.33813665 2.09942490
0.34035665 2.11112152
0.34257666 2.12326749
0.34479667 2.13579844
0.34701667 2.14864751
0.34923668 2.16174622
0.35145669 2.17502542
0.35367669 2.18841613
0.35589670 2.20185031
0.35811670 2.21526168
0.36033671 2.22858637
0.36255672 2.24176354
0.36477672 2.25473591
0.36699673 2.26745023
0.36921674 2.27985765
0.37143674 2.29191399
0.37365675 2.30357998
0.37587676 2.31482137
0.37809676 2.32560901
0.38031677 2.33591885
0.38253677 2.34573182
0.38475678 2.35503377
0.38697679 2.36381523
0.38919679 2.37207123
0.39141680 2.37980099
0.39363681 2.38700769
0.39585681 2.39369809
0.39807682 2.39988220
0.40029683 2.40557297
0.40251683 2.41078590
0.40473684 2.41553870
0.40695684 2.41985093
0.40917685 2.42374368
0.41139686 2.42723922
0.41361686 2.43036070
0.41583687 2.43313187
0.41805688 2.43557679
0.42027688 2.43771959
0.42249689 2.43958428
0.42471690 2.44119449
0.42693690 2.44257336
0.42915691 2.44374332
0.43137691 2.44472601
0.43359692 2.44554215
0.43581693 2.44621143
0.43803693 2.44675245
0.44025694 2.44718265
0.44247695 2.44751829
0.44469695 2.44777435
0.44691696 2.44796456
0.44913696 2.44810136
0.45135697 2.44819589
0.45357698 2.44825798
0.45579698 2.44829612
0.45801699 2.44831753
0.46023700 2.44832808
0.46245700 2.44833236
0.46467701 2.44833362
0.46689702 2.44833382

0.46689702 2.44833382
0.46912366 2.44824374
0.47135030 2.44797331
0.47357694 2.44752204
0.47580358 2.44688907
0.47803022 2.44607323
0.48025686 2.44507302
0.48248350 2.44388664
0.48471014 2.44251196
0.48693678 2.44094660
0.48916342 2.43918788
0.49139006 2.43723287
0.49361670 2.43507841
0.49584334 2.43272115
0.49806998 2.43015750
0.50029662 2.42738375
0.50252326 2.42439602
0.50474990 2.42119034
0.50697654 2.41776263
0.50920319 2.41410879
0.51142983 2.41022467
0.51365647 2.40610612
0.51588311 2.40174906
0.51810975 2.39714946
0.52033639 2.39230339
0.52256303 2.38720710
0.52478967 2.38185697
0.52701631 2.37624960
0.52924295 2.37038185
0.53146959 2.36425085
0.53369623 2.35785405
0.53592287 2.35118924
0.53814951 2.34425459
0.54037615 2.33704870
0.54260279 2.32957063
0.54482943 2.32181989
0.54705607 2.31379654
0.54928271 2.30550119
0.55150935 2.29693500
0.55373600 2.28809978
0.55596264 2.27899796
0.55818928 2.26963265
0.56041592 2.26000764
0.56264256 2.25012747
0.56486920 2.23999742
0.56709584 2.22962353
0.56932248 2.21901267
0.57154912 2.20817249
0.57377576 2.19711151
0.57600240 2.18583908
0.57822904 2.17436542
0.58045568 2.16270167
0.58268232 2.15085982
0.58490896 2.13885279
0.58713560 2.12669440
0.58936224 2.11439940
0.59158888 2.10198344
0.59381552 2.08946308
0.59604216 2.07685581
0.59826881 2.06417999
0.60049545 2.05145488
0.60272209 2.03870060
0.60494873 2.02593812
0.60717537 2.01318920
0.60940201 2.00047641
0.61162865 1.98782306
0.61385529 1.97525314
0.61608193 1.96279130
0.61830857 1.95046279
0.62053521 1.93829337
0.62276185 1.92630928
0.62498849 1.91453711
0.62721513 1.90300376
0.62944177 1.89173634
0.63166841 1.88076205
0.63389505 1.87010807
0.63612169 1.85980151
0.63834833 1.84986919
0.64057497 1.84033759
0.64280161 1.83123270
0.64502826 1.82257988
0.64725490 1.81440371
0.64948154 1.80672790
0.65170818 1.79957507
0.65393482 1.79296670
0.65616146 1.78692291
0.65838810 1.78146238
0.66061474 1.77660223
0.66284138 1.77235784
0.66506802 1.76874280
0.66729466 1.76576880
0.66952130 1.76344551
0.67174794 1.76178053
0.67397458 1.76077934
0.67620122 1.76044523

0.67620122 1.76044523
0.67844986 1.76071691
0.68069849 1.76153089
0.68294712 1.76288375
0.68519576 1.76476988
0.68744439 1.76718154
0.68969303 1.77010886
0.69194166 1.77354003
0.69419029 1.77746137
0.69643893 1.78185748
0.69868756 1.78671139
0.70093619 1.79200475
0.70318483 1.79771794
0.70543346 1.80383031
0.70768210 1.81032035
0.70993073 1.81716586
0.71217936 1.82434415
0.71442800 1.83183223
0.71667663 1.83960698
0.71892526 1.84764531
0.72117390 1.85592435
0.72342253 1.86442158
0.72567117 1.87311500
0.72791980 1.88198323
0.73016843 1.89100567
0.73241707 1.90016256
0.73466570 1.90943511
0.73691433 1.91880553
0.73916297 1.92825716
0.74141160 1.93777447
0.74366024 1.94734309
0.74590887 1.95694986
0.74815750 1.96658281
0.75040614 1.97623118
0.75265477 1.98588535
0.75490341 1.99553685
0.75715204 2.00517829
0.75940067 2.01480328
0.76164931 2.02440641

0.76164931 2.02440641
0.76389794 2.02414535
0.76614657 2.02336029
0.76839521 2.02204561
0.77064384 2.02019208
0.77289248 2.01778707
0.77514111 2.02281786
0.77738974 2.04360688
0.77963838 2.06466208
0.78188701 2.08592963
0.78413564 2.10737074
0.78638428 2.12895503
0.78863291 2.15065685
0.79088155 2.17245322
0.79313018 2.19432251
0.79537881 2.21624354
0.79762745 2.23819486
0.79987608 2.26015426
0.80212471 2.28209834
0.80437335 2.30400207
0.80662198 2.32583851
0.80887062 2.34757849
0.81111925 2.36919036
0.81336788 2.39063981
0.81561652 2.41188970
0.81786515 2.43290000
0.82011379 2.45362784
0.82236242 2.47402759
0.82461105 2.49405117
0.82685969 2.51364849
0.82910832 2.53276802
0.83135695 2.55135769
0.83360559 2.56936585
0.83585422 2.58674264
0.83810286 2.60344144
0.84035149 2.61942050
0.84260012 2.63464478
0.84484876 2.64908767
0.84709739 2.66273269



0.00000000 2.44833382
0.00221943 2.44842101
0.00443886 2.44868244
0.00665829 2.44911769
0.00887772 2.44972610
0.01109715 2.45050675
0.01331658 2.45145841
0.01553602 2.45257962
0.01775545 2.45386865
0.01997488 2.45532351
0.02219431 2.45694194
0.02441374 2.45872143
0.02663317 2.46065922
0.02885260 2.46275230
0.03107203 2.46499740
0.03329146 2.46739101
0.03551089 2.46992940
0.03773032 2.47260859
0.03994975 2.47542436
0.04216918 2.47837228
0.04438862 2.48144770
0.04660805 2.48464575
0.04882748 2.48796136
0.05104691 2.49138925
0.05326634 2.49492396
0.05548577 2.49855983
0.05770520 2.50229103
0.05992463 2.50611157
0.06214406 2.51001528
0.06436349 2.51399584
0.06658292 2.53638715
0.06880235 2.55298771
0.07102178 2.55114596
0.07324122 2.54830043
0.07546065 2.54438983
0.07768008 2.53935470
0.07989951 2.54345382
0.08211894 2.54780688
0.08433837 2.55217476
0.08655780 2.55655019
0.08877723 2.56092587
0.09099666 2.56529447
0.09321609 2.56964868
0.09543552 2.57398116
0.09765495 2.57828461
0.09987438 2.58255175
0.10209382 2.58677536
0.10431325 2.59094825
0.10653268 2.59506334
0.10875211 2.59911359
0.11097154 2.60309209
0.11319097 2.60699202
0.11541040 2.61080670
0.11762983 2.61452955
0.11984926 2.61815418
0.12206869 2.62167433
0.12428812 2.62508391
0.12650755 2.62837704
0.12872698 2.63154799
0.13094641 2.63459127
0.13316585 2.63750159
0.13538528 2.64027389
0.13760471 2.64290334
0.13982414 2.64538535
0.14204357 2.64771560
0.14426300 2.64989001
0.14648243 2.65190479
0.14870186 2.65375640
0.15092129 2.65544161
0.15314072 2.65695746
0.15536015 2.65830130
0.15757958 2.65947077
0.15979901 2.66046381
0.16201845 2.66127869
0.16423788 2.66191398
0.16645731 2.66236855
0.16867674 2.66264162
0.17089617 2.66273269

0.17089617 2.66273269
0.17313860 2.66219804
0.17538103 2.66060633
0.17762346 2.65799359
0.17986589 2.65441767
0.18210832 2.64995526
0.18435075 2.64469812
0.18659318 2.63874915
0.18883561 2.63221834
0.19107804 2.62521919
0.19332048 2.61786547
0.19556291 2.61026869
0.19780534 2.60253613
0.20004777 2.59476937
0.20229020 2.58706340
0.20453263 2.57950602
0.20677506 2.57217767
0.20901749 2.56515139
0.21125992 2.55849301
0.21350235 2.55226142
0.21574478 2.54650895
0.21798721 2.54128173
0.22022964 2.53662013
0.22247207 2.53255917
0.22471450 2.52912886
0.22695694 2.52635459
0.22919937 2.52425746
0.23144180 2.52285452
0.23368423 2.52215908
0.23592666 2.52218084
0.23816909 2.52292614
0.24041152 2.52439805
0.24265395 2.52659653
0.24489638 2.52951853

0.24489638 2.52951853
0.24711639 2.53311823
0.24933639 2.53741291
0.25155640 2.54239172
0.25377641 2.54804157
0.25599641 2.55434726
0.25821642 2.56129175
0.26043643 2.56885643
0.26265643 2.57702132
0.26487644 2.58576540
0.26709644 2.59506680
0.26931645 2.60490304
0.27153646 2.58753684
0.27375646 2.56568133
0.27597647 2.54271869
0.27819648 2.51866129
0.28041648 2.49352594
0.28263649 2.46733391
0.28485649 2.44011088
0.28707650 2.41188694
0.28929651 2.38269639
0.29151651 2.35257766
0.29373652 2.32157307
0.29595653 2.28972865
0.29817653 2.25709382
0.30039654 2.22372115
0.30261655 2.18966602
0.30483655 2.15498628
0.30705656 2.11974190
0.30927656 2.08399457
0.31149657 2.04780733
0.31371658 2.01374757
0.31593658 2.01780582
0.31815659 2.02262737
0.32037660 2.02822375
0.32259660 2.03459766
0.32481661 2.04174299
0.32703662 2.08466553
0.32925662 2.12856522
0.33147663 2.17216788
0.33369663 2.21524627
0.33591664 2.25757349
0.33813665 2.29892347
0.34035665 2.33907188
0.34257666 2.37779767
0.34479667 2.41488516
0.34701667 2.45012695
0.34923668 2.48332765
0.35145669 2.51430830
0.35367669 2.54291147
0.35589670 2.56900647
0.35811670 2.59249449
0.36033671 2.61331278
0.36255672 2.63143759
0.36477672 2.64688517
0.36699673 2.65971070
0.36921674 2.67000512
0.37143674 2.67789019
0.37365675 2.68351231
0.37587676 2.68703585
0.37809676 2.68863641
0.38031677 2.68849474
0.38253677 2.68679149
0.38475678 2.68370311
0.38697679 2.67939875
0.38919679 2.67403819
0.39141680 2.66777060
0.39363681 2.66073395
0.39585681 2.65305498
0.39807682 2.64014812
0.40029683 2.57574462
0.40251683 2.50959489
0.40473684 2.44171239
0.40695684 2.41985094
0.40917685 2.42374369
0.41139686 2.42723923
0.41361686 2.43036071
0.41583687 2.43313188
0.41805688 2.43557679
0.42027688 2.43771960
0.42249689 2.43958429
0.42471690 2.44119450
0.42693690 2.44257337
0.42915691 2.44374333
0.43137691 2.44472602
0.43359692 2.44554216
0.43581693 2.44621144
0.43803693 2.44675246
0.44025694 2.44718266
0.44247695 2.44751830
0.44469695 2.44777436
0.44691696 2.44796457
0.44913696 2.44810137
0.45135697 2.44819590
0.45357698 2.44825799
0.45579698 2.44829613
0.45801699 2.44831754
0.46023700 2.44832809
0.46245700 2.44833237
0.46467701 2.44833363
0.46689702 2.44833382

0.46689702 2.44833382
0.46912366 2.44824375
0.47135030 2.44797332
0.47357694 2.44752205
0.47580358 2.44688908
0.47803022 2.44607324
0.48025686 2.44507303
0.48248350 2.44388665
0.48471014 2.44251197
0.48693678 2.44094661
0.48916342 2.43918789
0.49139006 2.43723288
0.49361670 2.43507842
0.49584334 2.43272116
0.49806998 2.43015751
0.50029662 2.42738376
0.50252326 2.42439603
0.50474990 2.42119035
0.50697654 2.41776264
0.50920319 2.41410880
0.51142983 2.41022468
0.51365647 2.40610613
0.51588311 2.40174907
0.51810975 2.39714947
0.52033639 2.39230340
0.52256303 2.38720711
0.52478967 2.41033680
0.52701631 2.48780130
0.52924295 2.56366726
0.53146959 2.63789836
0.53369623 2.71046063
0.53592287 2.78132246
0.53814951 2.85045473
0.54037615 2.91783079
0.54260279 2.93850432
0.54482943 2.95332924
0.54705607 2.96691873
0.54928271 2.97912098
0.55150935 2.98978120
0.55373600 2.99874433
0.55596264 3.00585862
0.55818928 3.01098008
0.56041592 3.01397750
0.56264256 3.01473772
0.56486920 3.01317063
0.56709584 3.00921326
0.56932248 3.00283254
0.57154912 2.99402620
0.57377576 2.98282186
0.57600240 2.96927442
0.57822904 2.95346207
0.58045568 2.93548169
0.58268232 2.91544397
0.58490896 2.89346881
0.58713560 2.86968136
0.58936224 2.84420883
0.59158888 2.81717803
0.59381552 2.78871379
0.59604216 2.75893794
0.59826881 2.72796883
0.60049545 2.69592130
0.60272209 2.66290685
0.60494873 2.62903410
0.60717537 2.59440929
0.60940201 2.55913691
0.61162865 2.52332032
0.61385529 2.48706237
0.61608193 2.45046604
0.61830857 2.41363501
0.62053521 2.37667417
0.62276185 2.33969016
0.62498849 2.30279176
0.62721513 2.26609028
0.62944177 2.22969988
0.63166841 2.19373776
0.63389505 2.15832433
0.63612169 2.12358325
0.63834833 2.08964135
0.64057497 2.05662843
0.64280161 2.02467696
0.64502826 1.99392155
0.64725490 1.96449829
0.64948154 1.93654392
0.65170818 1.91019480
0.65393482 1.88558562
0.65616146 1.86284804
0.65838810 1.84210908
0.66061474 1.82348939
0.66284138 1.80710140
0.66506802 1.79304749
0.66729466 1.78141812
0.66952130 1.77229005
0.67174794 1.76572484
0.67397458 1.76176743
0.67620122 1.76044524

0.67620122 1.76044524
0.67844986 1.76071696
0.68069849 1.76153093
0.68294712 1.76288379
0.68519576 1.76476993
0.68744439 1.76718158
0.68969303 1.77010890
0.69194166 1.77354007
0.69419029 1.77746141
0.69643893 1.78185752
0.69868756 1.78671144
0.70093619 1.79200479
0.70318483 1.79771798
0.70543346 1.80383035
0.70768210 1.81032039
0.70993073 1.81716590
0.71217936 1.82434419
0.71442800 1.83183228
0.71667663 1.83960702
0.71892526 1.84764535
0.72117390 1.85592439
0.72342253 1.86442162
0.72567117 1.87311504
0.72791980 1.88198327
0.73016843 1.89100571
0.73241707 1.90016260
0.73466570 1.90943514
0.73691433 1.91880557
0.73916297 1.92825720
0.74141160 1.93777450
0.74366024 1.94734312
0.74590887 1.95694989
0.74815750 1.96658284
0.75040614 1.97623121
0.75265477 1.98588538
0.75490341 1.99553688
0.75715204 2.00517831
0.75940067 2.01480331
0.76164931 2.02440643

0.76164931 2.02440643
0.76389794 2.02414538
0.76614657 2.02336032
0.76839521 2.02204564
0.77064384 2.02019210
0.77289248 2.01778710
0.77514111 2.02281787
0.77738974 2.04360689
0.77963838 2.06466209
0.78188701 2.08592963
0.78413564 2.10737075
0.78638428 2.12895504
0.78863291 2.15065686
0.79088155 2.17245323
0.79313018 2.19432252
0.79537881 2.21624354
0.79762745 2.23819486
0.79987608 2.26015427
0.80212471 2.28209834
0.80437335 2.30400207
0.80662198 2.32583851
0.80887062 2.34757849
0.81111925 2.36919037
0.81336788 2.39063982
0.81561652 2.41188970
0.81786515 2.43290001
0.82011379 2.45362784
0.82236242 2.47402759
0.82461105 2.49405118
0.82685969 2.51364849
0.82910832 2.53276803
0.83135695 2.55135769
0.83360559 2.56936585
0.83585422 2.58674265
0.83810286 2.60344144
0.84035149 2.61942051
0.84260012 2.63464479
0.84484876 2.64908768
0.84709739 2.66273269



0.00000000 2.44833383
0.00221943 2.44859766
0.00443886 2.44938685
0.00665829 2.45069437
0.00887772 2.45250863
0.01109715 2.45481345
0.01331658 2.45758829
0.01553602 2.46080832
0.01775545 2.46444460
0.01997488 2.46846429
0.02219431 2.47283085
0.02441374 2.47750426
0.02663317 2.48244127
0.02885260 2.48759565
0.03107203 2.49291839
0.03329146 2.49835802
0.03551089 2.50386079
0.03773032 2.50937093
0.03994975 2.51483089
0.04216918 2.52018152
0.04438862 2.52536232
0.04660805 2.53031160
0.04882748 2.53496666
0.05104691 2.53926399
0.05326634 2.54313936
0.05548577 2.54652807
0.05770520 2.54936501
0.05992463 2.55158484
0.06214406 2.55312216
0.06436349 2.55391167
0.06658292 2.55388836
0.06880235 2.55298772
0.07102178 2.55114598
0.07324122 2.54830045
0.07546065 2.54438984
0.07768008 2.53935471
0.07989951 2.54345383
0.08211894 2.54780688
0.08433837 2.55217476
0.08655780 2.55655019
0.08877723 2.56092587
0.09099666 2.56529448
0.09321609 2.56964868
0.09543552 2.57398117
0.09765495 2.57828461
0.09987438 2.58255176
0.10209382 2.58677536
0.10431325 2.59094826
0.10653268 2.59506334
0.10875211 2.59911360
0.11097154 2.60309210
0.11319097 2.60699203
0.11541040 2.61080670
0.11762983 2.61452956
0.11984926 2.61815419
0.12206869 2.62167433
0.12428812 2.62508392
0.12650755 2.62837704
0.12872698 2.63154799
0.13094641 2.63459127
0.13316585 2.63750159
0.13538528 2.64027389
0.13760471 2.64290334
0.13982414 2.64538536
0.14204357 2.64771560
0.14426300 2.64989002
0.14648243 2.65190479
0.14870186 2.65375640
0.15092129 2.65544161
0.15314072 2.65695746
0.15536015 2.65830130
0.15757958 2.65947077
0.15979901 2.66046382
0.16201845 2.66127870
0.16423788 2.66191398
0.16645731 2.66236856
0.16867674 2.66264162
0.17089617 2.66273269

0.17089617 2.66273269
0.17313860 2.66219805
0.17538103 2.66060633
0.17762346 2.65799359
0.17986589 2.65441768
0.18210832 2.64995526
0.18435075 2.64469813
0.18659318 2.63874915
0.18883561 2.63221835
0.19107804 2.62521920
0.19332048 2.61786547
0.19556291 2.61026870
0.19780534 2.60253614
0.20004777 2.59476938
0.20229020 2.58706340
0.20453263 2.57950603
0.20677506 2.57217768
0.20901749 2.56515140
0.21125992 2.55849302
0.21350235 2.55226143
0.21574478 2.54650896
0.21798721 2.54128173
0.22022964 2.53662014
0.22247207 2.53255918
0.22471450 2.52912887
0.22695694 2.52635460
0.22919937 2.52425747
0.23144180 2.52285453
0.23368423 2.52215909
0.23592666 2.52218085
0.23816909 2.52292615
0.24041152 2.52439806
0.24265395 2.52659654
0.24489638 2.52951854

0.24489638 2.52951854
0.24711639 2.53311824
0.24933639 2.53741292
0.25155640 2.54239173
0.25377641 2.54804158
0.25599641 2.55434726
0.25821642 2.56129176
0.26043643 2.56885643
0.26265643 2.57702133
0.26487644 2.58576541
0.26709644 2.59506680
0.26931645 2.60490304
0.27153646 2.61525124
0.27375646 2.62608829
0.27597647 2.63739093
0.27819648 2.64913591
0.28041648 2.66129998
0.28263649 2.67385992
0.28485649 2.68679255
0.28707650 2.70007464
0.28929651 2.71368287
0.29151651 2.72759369
0.29373652 2.74178322
0.29595653 2.75622707
0.29817653 2.77090022
0.30039654 2.78577674
0.30261655 2.80082965
0.30483655 2.81603059
0.30705656 2.83134962
0.30927656 2.84675485
0.31149657 2.86221213
0.31371658 2.87768469
0.31593658 2.89313269
0.31815659 2.90851279
0.32037660 2.92377774
0.32259660 2.93887579
0.32481661 2.95375029
0.32703662 2.96833911
0.32925662 2.98257431
0.33147663 2.99638170
0.33369663 3.00968070
0.33591664 3.02238437
0.33813665 3.03439979
0.34035665 3.04562884
0.34257666 3.05596953
0.34479667 3.06531800
0.34701667 3.07357109
0.34923668 3.08062961
0.35145669 3.08640202
0.35367669 3.09080832
0.35589670 3.09378376
0.35811670 3.09528191
0.36033671 3.09527669
0.36255672 3.09376310
0.36477672 3.09075658
0.36699673 3.08629100
0.36921674 3.08041576
0.37143674 3.07319233
0.37365675 3.06469063
0.37587676 3.05498561
0.37809676 3.04415441
0.38031677 3.03227403
0.38253677 3.01941969
0.38475678 2.98957094
0.38697679 2.93573909
0.38919679 2.88015017
0.39141680 2.82279809
0.39363681 2.76367981
0.39585681 2.70279539
0.39807682 2.64484948
0.40029683 2.63622282
0.40251683 2.62727059
0.40473684 2.61807939
0.40695684 2.60872756
0.40917685 2.59928592
0.41139686 2.58981851
0.41361686 2.58038321
0.41583687 2.57103239
0.41805688 2.56181345
0.42027688 2.55276927
0.42249689 2.54393874
0.42471690 2.53535709
0.42693690 2.52705624
0.42915691 2.51906516
0.43137691 2.51141007
0.43359692 2.50411476
0.43581693 2.49720073
0.43803693 2.49068742
0.44025694 2.48459233
0.44247695 2.47893123
0.44469695 2.47371822
0.44691696 2.46896584
0.44913696 2.46468522
0.45135697 2.46088611
0.45357698 2.45757695
0.45579698 2.45476497
0.45801699 2.45245617
0.46023700 2.45065544
0.46245700 2.44936654
0.46467701 2.44859214
0.46689702 2.44833383

0.46689702 2.44833383
0.46912366 2.44897827
0.47135030 2.45090885
0.47357694 2.45411720
0.47580358 2.45858949
0.47803022 2.46430652
0.48025686 2.47124384
0.48248350 2.47937196
0.48471014 2.48865654
0.48693678 2.49905865
0.48916342 2.51053501
0.49139006 2.52303822
0.49361670 2.53651710
0.49584334 2.55091688
0.49806998 2.56617950
0.50029662 2.58224379
0.50252326 2.59904574
0.50474990 2.61651863
0.50697654 2.63459318
0.50920319 2.65319767
0.51142983 2.67225793
0.51365647 2.69169742
0.51588311 2.71143707
0.51810975 2.73139523
0.52033639 2.75148745
0.52256303 2.77162620
0.52478967 2.79172060
0.52701631 2.81167598
0.52924295 2.83139342
0.53146959 2.85076933
0.53369623 2.86969482
0.53592287 2.88805526
0.53814951 2.90572977
0.54037615 2.92259087
0.54260279 2.93850432
0.54482943 2.95332925
0.54705607 2.96691873
0.54928271 2.97912098
0.55150935 2.98978121
0.55373600 2.99874434
0.55596264 3.00585863
0.55818928 3.01098008
0.56041592 3.01397750
0.56264256 3.01473772
0.56486920 3.01317063
0.56709584 3.00921326
0.56932248 3.00283254
0.57154912 2.99402620
0.57377576 2.98282187
0.57600240 2.96927442
0.57822904 2.95346207
0.58045568 2.93548170
0.58268232 2.91544397
0.58490896 2.89346881
0.58713560 2.86968137
0.58936224 2.84420883
0.59158888 2.81717803
0.59381552 2.78871379
0.59604216 2.75893794
0.59826881 2.72796884
0.60049545 2.69592130
0.60272209 2.66290686
0.60494873 2.62903411
0.60717537 2.59440930
0.60940201 2.55913692
0.61162865 2.52332032
0.61385529 2.48706237
0.61608193 2.45046605
0.61830857 2.41363501
0.62053521 2.37667417
0.62276185 2.33969016
0.62498849 2.30279176
0.62721513 2.26609029
0.62944177 2.22969988
0.63166841 2.19373776
0.63389505 2.15832434
0.63612169 2.12358325
0.63834833 2.08964135
0.64057497 2.05662843
0.64280161 2.02467696
0.64502826 1.99392155
0.64725490 1.96449829
0.64948154 1.93654393
0.65170818 1.91019480
0.65393482 1.88558562
0.65616146 1.86284804
0.65838810 1.84210909
0.66061474 1.82348939
0.66284138 1.80710140
0.66506802 1.79304749
0.66729466 1.78141812
0.66952130 1.77229006
0.67174794 1.76572484
0.67397458 1.76176743
0.67620122 1.76044525

0.67620122 1.76044525
0.67844986 1.76214208
0.68069849 1.76721600
0.68294712 1.77561756
0.68519576 1.78726605
0.68744439 1.80205189
0.68969303 1.81983968
0.69194166 1.84047186
0.69419029 1.86377260
0.69643893 1.88955181
0.69868756 1.91760905
0.70093619 1.94773723
0.70318483 1.97972594
0.70543346 2.01336437
0.70768210 2.04844385
0.70993073 2.08475989
0.71217936 2.12211384
0.71442800 2.16031420
0.71667663 2.19917755
0.71892526 2.23852924
0.72117390 2.27820382
0.72342253 2.31804529
0.72567117 2.35790720
0.72791980 2.39765262
0.73016843 2.43715404
0.73241707 2.47629322
0.73466570 2.51496092
0.73691433 2.55305670
0.73916297 2.59048864
0.74141160 2.62717306
0.74366024 2.66303424
0.74590887 2.69800415
0.74815750 2.73202220
0.75040614 2.76503493
0.75265477 2.79699576
0.75490341 2.82786479
0.75715204 2.85760849
0.75940067 2.88619949
0.76164931 2.91361635

0.76164931 2.91361635
0.76389794 2.91326458
0.76614657 2.91221317
0.76839521 2.91047387
0.77064384 2.90806605
0.77289248 2.90501642
0.77514111 2.90135866
0.77738974 2.89713283
0.77963838 2.89238474
0.78188701 2.88716514
0.78413564 2.88152872
0.78638428 2.87553306
0.78863291 2.86923735
0.79088155 2.86270105
0.79313018 2.85598238
0.79537881 2.84913680
0.79762745 2.84221544
0.79987608 2.83526352
0.80212471 2.82831883
0.80437335 2.82141041
0.80662198 2.81455732
0.80887062 2.80776772
0.81111925 2.80103818
0.81336788 2.79435336
0.81561652 2.78768603
0.81786515 2.78099748
0.82011379 2.77423827
0.82236242 2.76734947
0.82461105 2.76026418
0.82685969 2.75290952
0.82910832 2.74520885
0.83135695 2.73708427
0.83360559 2.72845932
0.83585422 2.71926161
0.83810286 2.70942545
0.84035149 2.69889412
0.84260012 2.68762180
0.84484876 2.67557487
0.84709739 2.66273269



0.00000000 2.44833384
0.00221943 2.44859767
0.00443886 2.44938686
0.00665829 2.45069439
0.00887772 2.45250864
0.01109715 2.45481347
0.01331658 2.45758831
0.01553602 2.46080834
0.01775545 2.46444461
0.01997488 2.46846430
0.02219431 2.47283086
0.02441374 2.47750427
0.02663317 2.48244128
0.02885260 2.48759566
0.03107203 2.49291841
0.03329146 2.49835804
0.03551089 2.50386080
0.03773032 2.50937095
0.03994975 2.51483090
0.04216918 2.52018153
0.04438862 2.52536233
0.04660805 2.53031161
0.04882748 2.53496668
0.05104691 2.53926400
0.05326634 2.54313938
0.05548577 2.54652809
0.05770520 2.54936502
0.05992463 2.55158485
0.06214406 2.55312217
0.06436349 2.55391169
0.06658292 2.55388837
0.06880235 2.59716341
0.07102178 2.65591511
0.07324122 2.71262470
0.07546065 2.76727849
0.07768008 2.81986678
0.07989951 2.87038380
0.08211894 2.91882775
0.08433837 2.96520079
0.08655780 3.00950903
0.08877723 3.05176249
0.09099666 3.09197507
0.09321609 3.13016453
0.09543552 3.16635239
0.09765495 3.20056389
0.09987438 3.23282790
0.10209382 3.26317681
0.10431325 3.29164648
0.10653268 3.31827603
0.10875211 3.34310778
0.11097154 3.36618710
0.11319097 3.35411300
0.11541040 3.32747683
0.11762983 3.30077038
0.11984926 3.27400774
0.12206869 3.24720227
0.12428812 3.22036657
0.12650755 3.19351245
0.12872698 3.16665087
0.13094641 3.13979198
0.13316585 3.11294500
0.13538528 3.08611827
0.13760471 3.05931919
0.13982414 3.03255422
0.14204357 3.00582888
0.14426300 2.97914768
0.14648243 2.95251417
0.14870186 2.92593093
0.15092129 2.89939954
0.15314072 2.87292058
0.15536015 2.84649369
0.15757958 2.82011752
0.15979901 2.79378978
0.16201845 2.76750722
0.16423788 2.74126570
0.16645731 2.71506018
0.16867674 2.68888475
0.17089617 2.66273270

0.17089617 2.66273270
0.17313860 2.67748280
0.17538103 2.69124416
0.17762346 2.70403899
0.17986589 2.71589647
0.18210832 2.72685175
0.18435075 2.73694456
0.18659318 2.74621761
0.18883561 2.75471486
0.19107804 2.76247983
0.19332048 2.76955399
0.19556291 2.77597543
0.19780534 2.78177773
0.20004777 2.78698918
0.20229020 2.79163223
0.20453263 2.79572328
0.20677506 2.79927263
0.20901749 2.80228462
0.21125992 2.80475800
0.21350235 2.80668627
0.21574478 2.80805816
0.21798721 2.80885814
0.22022964 2.80906693
0.22247207 2.80866197
0.22471450 2.80761796
0.22695694 2.80590727
0.22919937 2.80350040
0.23144180 2.80036642
0.23368423 2.79647330
0.23592666 2.79178834
0.23816909 2.78627849
0.24041152 2.77991069
0.24265395 2.77265224
0.24489638 2.76447105

0.24489638 2.76447105
0.24711639 2.75543222
0.24933639 2.74542966
0.25155640 2.73443601
0.25377641 2.72242579
0.25599641 2.70937568
0.25821642 2.69526482
0.26043643 2.68007510
0.26265643 2.66379145
0.26487644 2.64640211
0.26709644 2.62789885
0.26931645 2.60827725
0.27153646 2.61525125
0.27375646 2.62608829
0.27597647 2.63739094
0.27819648 2.64913592
0.28041648 2.66129999
0.28263649 2.67385993
0.28485649 2.68679256
0.28707650 2.70007466
0.28929651 2.71368289
0.29151651 2.72759371
0.29373652 2.74178323
0.29595653 2.75622709
0.29817653 2.77090023
0.30039654 2.78577676
0.30261655 2.80082966
0.30483655 2.81603060
0.30705656 2.83134963
0.30927656 2.84675486
0.31149657 2.86221215
0.31371658 2.87768471
0.31593658 2.89313270
0.31815659 2.90851281
0.32037660 2.92377776
0.32259660 2.93887581
0.32481661 2.95375030
0.32703662 2.96833913
0.32925662 2.98257432
0.33147663 2.99638171
0.33369663 3.00968071
0.33591664 3.02238439
0.33813665 3.03439981
0.34035665 3.04562886
0.34257666 3.05596955
0.34479667 3.06531802
0.34701667 3.07357111
0.34923668 3.08062962
0.35145669 3.08640203
0.35367669 3.09080833
0.35589670 3.09378377
0.35811670 3.09528192
0.36033671 3.09527670
0.36255672 3.09376311
0.36477672 3.09075659
0.36699673 3.08629101
0.36921674 3.08041577
0.37143674 3.07319234
0.37365675 3.06469063
0.37587676 3.05498562
0.37809676 3.04415442
0.38031677 3.03227404
0.38253677 3.01941970
0.38475678 3.00566378
0.38697679 2.99107532
0.38919679 2.97571986
0.39141680 2.95965967
0.39363681 2.94295415
0.39585681 2.92566039
0.39807682 2.90783385
0.40029683 2.88952900
0.40251683 2.87080005
0.40473684 2.85170159
0.40695684 2.83228917
0.40917685 2.81261990
0.41139686 2.79275292
0.41361686 2.77274975
0.41583687 2.75267464
0.41805688 2.73259477
0.42027688 2.71258037
0.42249689 2.69270474
0.42471690 2.67304417
0.42693690 2.65367776
0.42915691 2.63468712
0.43137691 2.61615599
0.43359692 2.59816976
0.43581693 2.58081492
0.43803693 2.56417833
0.44025694 2.54834653
0.44247695 2.53340488
0.44469695 2.51943674
0.44691696 2.50652248
0.44913696 2.49473860
0.45135697 2.48415676
0.45357698 2.47484281
0.45579698 2.46685594
0.45801699 2.46024782
0.46023700 2.45506185
0.46245700 2.45133249
0.46467701 2.44908476
0.46689702 2.44833384

0.46689702 2.44833384
0.46912366 2.44897828
0.47135030 2.45090885
0.47357694 2.45411720
0.47580358 2.45858950
0.47803022 2.46430653
0.48025686 2.47124385
0.48248350 2.47937197
0.48471014 2.48865655
0.48693678 2.49905866
0.48916342 2.51053501
0.49139006 2.52303823
0.49361670 2.53651711
0.49584334 2.55091689
0.49806998 2.56617950
0.50029662 2.58224380
0.50252326 2.59904575
0.50474990 2.61651863
0.50697654 2.63459319
0.50920319 2.65319767
0.51142983 2.67225794
0.51365647 2.69169742
0.51588311 2.71143707
0.51810975 2.73139524
0.52033639 2.75148745
0.52256303 2.77162621
0.52478967 2.79172061
0.52701631 2.81167598
0.52924295 2.83139343
0.53146959 2.85076933
0.53369623 2.86969482
0.53592287 2.88805526
0.53814951 2.90572977
0.54037615 2.92259088
0.54260279 2.93850433
0.54482943 2.95332925
0.54705607 2.96691873
0.54928271 2.97912099
0.55150935 2.98978121
0.55373600 2.99874434
0.55596264 3.00585863
0.55818928 3.01098009
0.56041592 3.01397750
0.56264256 3.01473772
0.56486920 3.01317063
0.56709584 3.00921327
0.56932248 3.00283255
0.57154912 2.99402620
0.57377576 2.98282187
0.57600240 2.96927442
0.57822904 2.95346207
0.58045568 2.93548170
0.58268232 2.91544397
0.58490896 2.89346881
0.58713560 2.86968137
0.58936224 2.84420883
0.59158888 2.81717803
0.59381552 2.78871379
0.59604216 2.75893794
0.59826881 2.72796884
0.60049545 2.69592130
0.60272209 2.66290686
0.60494873 2.62903411
0.60717537 2.59440930
0.60940201 2.55913692
0.61162865 2.52332032
0.61385529 2.48706237
0.61608193 2.45046605
0.61830857 2.41363501
0.62053521 2.37667417
0.62276185 2.33969016
0.62498849 2.30279176
0.62721513 2.26609029
0.62944177 2.22969988
0.63166841 2.19373776
0.63389505 2.15832434
0.63612169 2.12358326
0.63834833 2.08964135
0.64057497 2.05662844
0.64280161 2.02467697
0.64502826 1.99392155
0.64725490 1.96449829
0.64948154 1.93654393
0.65170818 1.91019480
0.65393482 1.88558562
0.65616146 1.86284805
0.65838810 1.84210909
0.66061474 1.82348939
0.66284138 1.80710141
0.66506802 1.79304750
0.66729466 1.78141812
0.66952130 1.77229006
0.67174794 1.76572484
0.67397458 1.76176744
0.67620122 1.76044527

0.67620122 1.76044527
0.67844986 1.76214208
0.68069849 1.76721600
0.68294712 1.77561756
0.68519576 1.78726605
0.68744439 1.80205189
0.68969303 1.81983968
0.69194166 1.84047186
0.69419029 1.86377260
0.69643893 1.88955181
0.69868756 1.91760905
0.70093619 1.94773724
0.70318483 1.97972594
0.70543346 2.01336437
0.70768210 2.04844385
0.70993073 2.08475989
0.71217936 2.12211384
0.71442800 2.16031420
0.71667663 2.19917755
0.71892526 2.23852925
0.72117390 2.27820383
0.72342253 2.31804530
0.72567117 2.35790720
0.72791980 2.39765262
0.73016843 2.43715404
0.73241707 2.47629322
0.73466570 2.51496092
0.73691433 2.55305670
0.73916297 2.59048864
0.74141160 2.62717306
0.74366024 2.66303424
0.74590887 2.69800416
0.74815750 2.73202221
0.75040614 2.76503493
0.75265477 2.79699577
0.75490341 2.82786480
0.75715204 2.85760849
0.75940067 2.88619949
0.76164931 2.91361636

0.76164931 2.91361636
0.76389794 2.91326458
0.76614657 2.91221317
0.76839521 2.91047388
0.77064384 2.90806605
0.77289248 2.90501643
0.77514111 2.90135866
0.77738974 2.89713283
0.77963838 2.89238475
0.78188701 2.88716514
0.78413564 2.88152872
0.78638428 2.87553306
0.78863291 2.86923736
0.79088155 2.86270105
0.79313018 2.85598238
0.79537881 2.84913680
0.79762745 2.84221545
0.79987608 2.83526352
0.80212471 2.82831884
0.80437335 2.82141042
0.80662198 2.81455733
0.80887062 2.80776772
0.81111925 2.80103818
0.81336788 2.79435336
0.81561652 2.78768604
0.81786515 2.78099748
0.82011379 2.77423828
0.82236242 2.76734947
0.82461105 2.76026418
0.82685969 2.75290952
0.82910832 2.74520885
0.83135695 2.73708428
0.83360559 2.72845932
0.83585422 2.71926161
0.83810286 2.70942545
0.84035149 2.69889413
0.84260012 2.68762180
0.84484876 2.67557487
0.84709739 2.66273270



0.00000000 2.44833384
0.00221943 2.44935606
0.00443886 2.45241588
0.00665829 2.45749268
0.00887772 2.46455252
0.01109715 2.47354863
0.01331658 2.48442216
0.01553602 2.49710305
0.01775545 2.51151108
0.01997488 2.52755700
0.02219431 2.54514371
0.02441374 2.56416752
0.02663317 2.58451939
0.02885260 2.60608616
0.03107203 2.62875174
0.03329146 2.65239824
0.03551089 2.67690702
0.03773032 2.70215971
0.03994975 2.72803902
0.04216918 2.75442961
0.04438862 2.78121875
0.04660805 2.80829697
0.04882748 2.83555857
0.05104691 2.86290206
0.05326634 2.89023061
0.05548577 2.91745226
0.05770520 2.94448025
0.05992463 2.97123319
0.06214406 2.99763521
0.06436349 3.02361605
0.06658292 3.04911117
0.06880235 3.07406171
0.07102178 3.09841457
0.07324122 3.12212231
0.07546065 3.14514316
0.07768008 3.16744092
0.07989951 3.18898485
0.08211894 3.20974961
0.08433837 3.22971509
0.08655780 3.24886626
0.08877723 3.26719307
0.09099666 3.28469021
0.09321609 3.30135695
0.09543552 3.31719695
0.09765495 3.33221802
0.09987438 3.34643191
0.10209382 3.35985405
0.10431325 3.37250332
0.10653268 3.38440174
0.10875211 3.39557423
0.11097154 3.38066411
0.11319097 3.38756220
0.11541040 3.40728401
0.11762983 3.42540597
0.11984926 3.44158291
0.12206869 3.44904553
0.12428812 3.45601102
0.12650755 3.46251580
0.12872698 3.46859617
0.13094641 3.47428794
0.13316585 3.47962607
0.13538528 3.48464430
0.13760471 3.48937483
0.13982414 3.49384794
0.14204357 3.49809169
0.14426300 3.50213157
0.14648243 3.50599023
0.14870186 3.50968720
0.15092129 3.51323862
0.15314072 3.51665700
0.15536015 3.51995105
0.15757958 3.52312547
0.15979901 3.52618083
0.16201845 3.52911345
0.16423788 3.53191534
0.16645731 3.53457411
0.16867674 3.53707303
0.17089617 3.53939100

0.17089617 3.53939100
0.17313860 3.53890931
0.17538103 3.54004303
0.17762346 3.54276388
0.17986589 3.54702744
0.18210832 3.55277428
0.18435075 3.55993149
0.18659318 3.56841461
0.18883561 3.57812976
0.19107804 3.58897577
0.19332048 3.60084636
0.19556291 3.61363209
0.19780534 3.62722218
0.20004777 3.64150597
0.20229020 3.65637421
0.20453263 3.67172006
0.20677506 3.68743989
0.20901749 3.70343383
0.21125992 3.71960626
0.21350235 3.73586608
0.21574478 3.75212694
0.21798721 3.76830745
0.22022964 3.78433122
0.22247207 3.80012693
0.22471450 3.81562843
0.22695694 3.83077470
0.22919937 3.84550987
0.23144180 3.85978318
0.23368423 3.87354897
0.23592666 3.88676654
0.23816909 3.89940013
0.24041152 3.91141875
0.24265395 3.92279602
0.24489638 3.93351000

0.24489638 3.93351000
0.24711639 3.94344607
0.24933639 3.95270130
0.25155640 3.96126586
0.25377641 3.96913315
0.25599641 3.97629950
0.25821642 3.98276382
0.26043643 3.98852726
0.26265643 3.99359279
0.26487644 3.99796491
0.26709644 4.00164920
0.26931645 4.00465200
0.27153646 4.00348515
0.27375646 4.00112318
0.27597647 3.99802354
0.27819648 3.99421444
0.28041648 3.98972553
0.28263649 3.98458767
0.28485649 3.97883285
0.28707650 3.97249405
0.28929651 3.96560512
0.29151651 3.95820073
0.29373652 3.95031634
0.29595653 3.94198820
0.29817653 3.93325331
0.30039654 3.92414959
0.30261655 3.91471587
0.30483655 3.90499208
0.30705656 3.89501942
0.30927656 3.88484055
0.31149657 3.87449985
0.31371658 3.86404370
0.31593658 3.85352084
0.31815659 3.84298269
0.32037660 3.83248379
0.32259660 3.82208220
0.32481661 3.81183993
0.32703662 3.80182333
0.32925662 3.79210350
0.33147663 3.78275653
0.33369663 3.77386363
0.33591664 3.76551101
0.33813665 3.74969814
0.34035665 3.72749861
0.34257666 3.70411480
0.34479667 3.67951082
0.34701667 3.65365073
0.34923668 3.62649864
0.35145669 3.59801886
0.35367669 3.56817604
0.35589670 3.53693530
0.35811670 3.50426244
0.36033671 3.47012400
0.36255672 3.43448749
0.36477672 3.39732151
0.36699673 3.35859594
0.36921674 3.31828205
0.37143674 3.27635271
0.37365675 3.23278250
0.37587676 3.18754793
0.37809676 3.14062755
0.38031677 3.09200210
0.38253677 3.04165470
0.38475678 3.00566378
0.38697679 2.99107532
0.38919679 2.97571986
0.39141680 2.95965967
0.39363681 2.94295415
0.39585681 2.92566039
0.39807682 2.90783385
0.40029683 2.88952901
0.40251683 2.87080006
0.40473684 2.85170159
0.40695684 2.83228917
0.40917685 2.81261991
0.41139686 2.79275293
0.41361686 2.77274975
0.41583687 2.75267464
0.41805688 2.73259477
0.42027688 2.71258037
0.42249689 2.69270475
0.42471690 2.67304418
0.42693690 2.65367777
0.42915691 2.63468712
0.43137691 2.61615599
0.43359692 2.59816977
0.43581693 2.58081493
0.43803693 2.56417834
0.44025694 2.54834653
0.44247695 2.53340489
0.44469695 2.51943674
0.44691696 2.50652249
0.44913696 2.49473861
0.45135697 2.48415677
0.45357698 2.47484282
0.45579698 2.46685595
0.45801699 2.46024783
0.46023700 2.45506186
0.46245700 2.45133250
0.46467701 2.44908477
0.46689702 2.44833384

0.46689702 2.44833384
0.46912366 2.44897829
0.47135030 2.45090886
0.47357694 2.45411721
0.47580358 2.45858950
0.47803022 2.46430653
0.48025686 2.47124385
0.48248350 2.47937197
0.48471014 2.48865655
0.48693678 2.49905867
0.48916342 2.51053502
0.49139006 2.52303823
0.49361670 2.53651711
0.49584334 2.55091690
0.49806998 2.56617951
0.50029662 2.58224380
0.50252326 2.59904575
0.50474990 2.61651864
0.50697654 2.63459319
0.50920319 2.65319768
0.51142983 2.67225794
0.51365647 2.69169743
0.51588311 2.71143708
0.51810975 2.73139524
0.52033639 2.75148746
0.52256303 2.77162622
0.52478967 2.79172062
0.52701631 2.81167599
0.52924295 2.83139343
0.53146959 2.85076934
0.53369623 2.86969483
0.53592287 2.88805527
0.53814951 2.90572978
0.54037615 2.92259088
0.54260279 2.98342653
0.54482943 3.04722046
0.54705607 3.10919369
0.54928271 3.16932999
0.55150935 3.22761584
0.55373600 3.28404044
0.55596264 3.33859572
0.55818928 3.39127640
0.56041592 3.44207995
0.56264256 3.49100668
0.56486920 3.53805964
0.56709584 3.58324473
0.56932248 3.62657061
0.57154912 3.66804874
0.57377576 3.70769335
0.57600240 3.74552140
0.57822904 3.78155260
0.58045568 3.81580932
0.58268232 3.84831660
0.58490896 3.87910205
0.58713560 3.90819586
0.58936224 3.91952158
0.59158888 3.92961687
0.59381552 3.94019043
0.59604216 3.95114693
0.59826881 3.96239819
0.60049545 3.97386331
0.60272209 3.98546861
0.60494873 3.99714731
0.60717537 4.00883910
0.60940201 4.02048968
0.61162865 4.03205027
0.61385529 4.04347710
0.61608193 4.05473093
0.61830857 4.06577657
0.62053521 4.07658254
0.62276185 4.08712060
0.62498849 4.09736545
0.62721513 4.10729443
0.62944177 4.11688721
0.63166841 4.12612559
0.63389505 4.13499321
0.63612169 4.14347543
0.63834833 4.15155912
0.64057497 4.15923249
0.64280161 4.16648502
0.64502826 4.17330726
0.64725490 4.17969078
0.64948154 4.18562807
0.65170818 4.19111244
0.65393482 4.19613797
0.65616146 4.20069943
0.65838810 4.20479225
0.66061474 4.20841244
0.66284138 4.21155657
0.66506802 4.21422174
0.66729466 4.21640554
0.66952130 4.21810603
0.67174794 4.21932172
0.67397458 4.22005155
0.67620122 4.22029489

0.67620122 4.22029489
0.67844986 4.22001411
0.68069849 4.21917185
0.68294712 4.21776844
0.68519576 4.21580444
0.68744439 4.21328064
0.68969303 4.21019805
0.69194166 4.20655792
0.69419029 4.20236175
0.69643893 4.19761127
0.69868756 4.19230849
0.70093619 4.18645569
0.70318483 4.18005542
0.70543346 4.17311055
0.70768210 4.16562423
0.70993073 4.15759996
0.71217936 4.14904159
0.71442800 4.13995332
0.71667663 4.13033975
0.71892526 4.12020589
0.72117390 4.10955718
0.72342253 4.09839952
0.72567117 4.08673932
0.72791980 4.07458348
0.73016843 4.06193948
0.73241707 4.04881536
0.73466570 4.03521981
0.73691433 4.02116215
0.73916297 4.00665240
0.74141160 3.99170133
0.74366024 3.97632047
0.74590887 3.96052218
0.74815750 3.94431965
0.75040614 3.92772703
0.75265477 3.91075937
0.75490341 3.89343275
0.75715204 3.87576430
0.75940067 3.85777223
0.76164931 3.83947591

0.76164931 3.83947591
0.76389794 3.83903220
0.76614657 3.83770286
0.76839521 3.83549327
0.77064384 3.83241241
0.77289248 3.82847292
0.77514111 3.82369109
0.77738974 3.81808694
0.77963838 3.81168431
0.78188701 3.80451088
0.78413564 3.79659831
0.78638428 3.78798231
0.78863291 3.77870280
0.79088155 3.76880399
0.79313018 3.75833453
0.79537881 3.74734768
0.79762745 3.73590142
0.79987608 3.72405864
0.80212471 3.71188724
0.80437335 3.69946024
0.80662198 3.68685591
0.80887062 3.67415772
0.81111925 3.66145431
0.81336788 3.64883933
0.81561652 3.63641110
0.81786515 3.62427213
0.82011379 3.61252839
0.82236242 3.60128835
0.82461105 3.59066170
0.82685969 3.58075780
0.82910832 3.57168387
0.83135695 3.56354282
0.83360559 3.55643106
0.83585422 3.55043611
0.83810286 3.54563433
0.84035149 3.54208886
0.84260012 3.53984789
0.84484876 3.53894351
0.84709739 3.53939100



0.00000000 4.20458352
0.00221943 4.20417840
0.00443886 4.20296341
0.00665829 4.20093981
0.00887772 4.19810968
0.01109715 4.19447593
0.01331658 4.19004229
0.01553602 4.18481329
0.01775545 4.17879430
0.01997488 4.17199148
0.02219431 4.16441177
0.02441374 4.15606289
0.02663317 4.14695335
0.02885260 4.13709240
0.03107203 4.12649003
0.03329146 4.11515696
0.03551089 4.10310461
0.03773032 4.09034510
0.03994975 4.07689119
0.04216918 4.06275632
0.04438862 4.04795453
0.04660805 4.03250047
0.04882748 4.01640937
0.05104691 3.99969699
0.05326634 3.98237962
0.05548577 3.96447405
0.05770520 3.94599752
0.05992463 3.92696770
0.06214406 3.90740265
0.06436349 3.88732080
0.06658292 3.86674092
0.06880235 3.84568204
0.07102178 3.82416346
0.07324122 3.80220470
0.07546065 3.77982546
0.07768008 3.75704555
0.07989951 3.73388489
0.08211894 3.71036346
0.08433837 3.68650123
0.08655780 3.66231815
0.08877723 3.63783410
0.09099666 3.61306880
0.09321609 3.58804184
0.09543552 3.56277258
0.09765495 3.53728012
0.09987438 3.51158327
0.10209382 3.48570047
0.10431325 3.45964978
0.10653268 3.43344882
0.10875211 3.40711473
0.11097154 3.40604828
0.11319097 3.41585366
0.11541040 3.42502210
0.11762983 3.43358697
0.11984926 3.44198382
0.12206869 3.45707541
0.12428812 3.47074046
0.12650755 3.48304032
0.12872698 3.49403774
0.13094641 3.50379655
0.13316585 3.51238146
0.13538528 3.51985771
0.13760471 3.52629081
0.13982414 3.53174625
0.14204357 3.53628914
0.14426300 3.53998396
0.14648243 3.54289422
0.14870186 3.54508211
0.15092129 3.54660826
0.15314072 3.54753135
0.15536015 3.54790789
0.15757958 3.54779184
0.15979901 3.54542370
0.16201845 3.54325003
0.16423788 3.54156088
0.16645731 3.54035513
0.16867674 3.53963200
0.17089617 3.53939100

0.17089617 3.53939100
0.17313860 3.54032105
0.17538103 3.54309712
0.17762346 3.54767783
0.17986589 3.55399640
0.18210832 3.56196376
0.18435075 3.57147234
0.18659318 3.58240021
0.18883561 3.59461516
0.19107804 3.60797852
0.19332048 3.62234856
0.19556291 3.63758320
0.19780534 3.65354225
0.20004777 3.67008911
0.20229020 3.68709192
0.20453263 3.70442444
0.20677506 3.72196653
0.20901749 3.73960449
0.21125992 3.75723117
0.21350235 3.77474604
0.21574478 3.79205512
0.21798721 3.80907090
0.22022964 3.82571224
0.22247207 3.84190423
0.22471450 3.85757811
0.22695694 3.87267109
0.22919937 3.88712626
0.23144180 3.90089246
0.23368423 3.91392416
0.23592666 3.92618132
0.23816909 3.93762928
0.24041152 3.94823861
0.24265395 3.95798497
0.24489638 3.96684895

0.24489638 3.96684894
0.24711639 3.97474071
0.24933639 3.98174354
0.25155640 3.98785186
0.25377641 3.99306417
0.25599641 3.99738278
0.25821642 4.00081360
0.26043643 4.00336596
0.26265643 4.00505232
0.26487644 4.00588811
0.26709644 4.00589143
0.26931645 4.00508284
0.27153646 4.00348517
0.27375646 4.00112319
0.27597647 3.99802355
0.27819648 3.99421446
0.28041648 3.98972554
0.28263649 3.98458768
0.28485649 3.97883287
0.28707650 3.97249406
0.28929651 3.96560513
0.29151651 3.95820074
0.29373652 3.95031636
0.29595653 3.94198821
0.29817653 3.93325333
0.30039654 3.92414960
0.30261655 3.91471588
0.30483655 3.90499209
0.30705656 3.89501943
0.30927656 3.88484056
0.31149657 3.87449986
0.31371658 3.86404371
0.31593658 3.85352085
0.31815659 3.84298270
0.32037660 3.83248381
0.32259660 3.82208222
0.32481661 3.81183994
0.32703662 3.80182334
0.32925662 3.79210351
0.33147663 3.78275654
0.33369663 3.77386364
0.33591664 3.76551103
0.33813665 3.75778946
0.34035665 3.75079345
0.34257666 3.74461976
0.34479667 3.73936546
0.34701667 3.73512525
0.34923668 3.73198817
0.35145669 3.73003391
0.35367669 3.72932889
0.35589670 3.72992262
0.35811670 3.73184463
0.36033671 3.73510252
0.36255672 3.73968132
0.36477672 3.74554428
0.36699673 3.75263499
0.36921674 3.76088050
0.37143674 3.77019501
0.37365675 3.78048372
0.37587676 3.79164651
0.37809676 3.80358114
0.38031677 3.81618588
0.38253677 3.82936155
0.38475678 3.84301289
0.38697679 3.85704955
0.38919679 3.87138656
0.39141680 3.88594462
0.39363681 3.90064999
0.39585681 3.91543445
0.39807682 3.93023493
0.40029683 3.94499330
0.40251683 3.95965595
0.40473684 3.97417351
0.40695684 3.98850047
0.40917685 4.00259489
0.41139686 4.01641810
0.41361686 4.02993438
0.41583687 4.04311080
0.41805688 4.05591690
0.42027688 4.06832454
0.42249689 4.08030770
0.42471690 4.09184232
0.42693690 4.10290616
0.42915691 4.11347865
0.43137691 4.12354081
0.43359692 4.13307513
0.43581693 4.14206547
0.43803693 4.15049703
0.44025694 4.15835622
0.44247695 4.16563066
0.44469695 4.17230910
0.44691696 4.17838139
0.44913696 4.18383843
0.45135697 4.18867215
0.45357698 4.19287550
0.45579698 4.19644237
0.45801699 4.19936766
0.46023700 4.20164719
0.46245700 4.20327773
0.46467701 4.20425697
0.46689702 4.20458352

0.46689702 4.20458352
0.46912366 4.20433421
0.47135030 4.20358636
0.47357694 4.20234019
0.47580358 4.20059610
0.47803022 4.19835465
0.48025686 4.19561664
0.48248350 4.19238310
0.48471014 4.18865539
0.48693678 4.18443520
0.48916342 4.17972469
0.49139006 4.17452649
0.49361670 4.16884386
0.49584334 4.16268080
0.49806998 4.15604212
0.50029662 4.14893365
0.50252326 4.14136235
0.50474990 4.13333653
0.50697654 4.12486606
0.50920319 4.11596261
0.51142983 4.10663989
0.51365647 4.09691401
0.51588311 4.08680377
0.51810975 4.07633109
0.52033639 4.06552142
0.52256303 4.05440422
0.52478967 4.04301349
0.52701631 4.03138833
0.52924295 4.01957361
0.53146959 4.00762053
0.53369623 3.99558735
0.53592287 3.98353999
0.53814951 3.97155266
0.54037615 3.95970824
0.54260279 3.94809859
0.54482943 3.93682447
0.54705607 3.92599501
0.54928271 3.91572663
0.55150935 3.90614122
0.55373600 3.89736345
0.55596264 3.88951721
0.55818928 3.88272128
0.56041592 3.87708426
0.56264256 3.87269943
0.56486920 3.86963974
0.56709584 3.86795375
0.56932248 3.86766298
0.57154912 3.86876099
0.57377576 3.87121433
0.57600240 3.87496527
0.57822904 3.87993574
0.58045568 3.88603208
0.58268232 3.89314992
0.58490896 3.90117884
0.58713560 3.91000644
0.58936224 3.91952158
0.59158888 3.92961688
0.59381552 3.94019044
0.59604216 3.95114694
0.59826881 3.96239819
0.60049545 3.97386332
0.60272209 3.98546862
0.60494873 3.99714732
0.60717537 4.00883910
0.60940201 4.02048969
0.61162865 4.03205028
0.61385529 4.04347711
0.61608193 4.05473094
0.61830857 4.06577658
0.62053521 4.07658255
0.62276185 4.08712061
0.62498849 4.09736546
0.62721513 4.10729444
0.62944177 4.11688722
0.63166841 4.12612560
0.63389505 4.13499322
0.63612169 4.14347544
0.63834833 4.15155913
0.64057497 4.15923251
0.64280161 4.16648503
0.64502826 4.17330727
0.64725490 4.17969079
0.64948154 4.18562808
0.65170818 4.19111245
0.65393482 4.19613798
0.65616146 4.20069945
0.65838810 4.20479226
0.66061474 4.20841245
0.66284138 4.21155658
0.66506802 4.21422175
0.66729466 4.21640555
0.66952130 4.21810604
0.67174794 4.21932173
0.67397458 4.22005156
0.67620122 4.22029490

0.67620122 4.22029490
0.67844986 4.22001412
0.68069849 4.21917185
0.68294712 4.21776844
0.68519576 4.21580445
0.68744439 4.21328065
0.68969303 4.21019806
0.69194166 4.20655793
0.69419029 4.20236175
0.69643893 4.19761128
0.69868756 4.19230850
0.70093619 4.18645570
0.70318483 4.18005543
0.70543346 4.17311055
0.70768210 4.16562423
0.70993073 4.15759997
0.71217936 4.14904160
0.71442800 4.13995333
0.71667663 4.13033976
0.71892526 4.12020590
0.72117390 4.10955719
0.72342253 4.09839953
0.72567117 4.08673933
0.72791980 4.07458349
0.73016843 4.06193948
0.73241707 4.04881537
0.73466570 4.03521982
0.73691433 4.02116216
0.73916297 4.00665241
0.74141160 3.99170134
0.74366024 3.97632048
0.74590887 3.96052218
0.74815750 3.94431966
0.75040614 3.92772704
0.75265477 3.91075938
0.75490341 3.89343276
0.75715204 3.87576431
0.75940067 3.85777224
0.76164931 3.83947592

0.76164931 3.83947592
0.76389794 3.83903221
0.76614657 3.83770287
0.76839521 3.83549328
0.77064384 3.83241242
0.77289248 3.82847293
0.77514111 3.82369110
0.77738974 3.81808695
0.77963838 3.81168432
0.78188701 3.80451089
0.78413564 3.79659832
0.78638428 3.78798232
0.78863291 3.77870281
0.79088155 3.76880400
0.79313018 3.75833454
0.79537881 3.74734769
0.79762745 3.73590143
0.79987608 3.72405865
0.80212471 3.71188724
0.80437335 3.69946025
0.80662198 3.68685592
0.80887062 3.67415773
0.81111925 3.66145432
0.81336788 3.64883933
0.81561652 3.63641110
0.81786515 3.62427213
0.82011379 3.61252840
0.82236242 3.60128836
0.82461105 3.59066170
0.82685969 3.58075781
0.82910832 3.57168387
0.83135695 3.56354283
0.83360559 3.55643107
0.83585422 3.55043612
0.83810286 3.54563434
0.84035149 3.54208886
0.84260012 3.53984790
0.84484876 3.53894352
0.84709739 3.53939100



0.00000000 4.20458354
0.00221943 4.20441449
0.00443886 4.20390662
0.00665829 4.20305762
0.00887772 4.20186369
0.01109715 4.20031958
0.01331658 4.19841866
0.01553602 4.19615302
0.01775545 4.19351358
0.01997488 4.19049021
0.02219431 4.18707186
0.02441374 4.18324678
0.02663317 4.17900264
0.02885260 4.17432677
0.03107203 4.16920636
0.03329146 4.16362868
0.03551089 4.15758132
0.03773032 4.15105248
0.03994975 4.14403115
0.04216918 4.13650749
0.04438862 4.12847299
0.04660805 4.11992084
0.04882748 4.11084618
0.05104691 4.10124636
0.05326634 4.09112124
0.05548577 4.08047346
0.05770520 4.06930869
0.05992463 4.05763585
0.06214406 4.04546733
0.06436349 4.03281919
0.06658292 4.01971127
0.06880235 4.00616730
0.07102178 3.99221498
0.07324122 3.97788590
0.07546065 3.96321552
0.07768008 3.94824296
0.07989951 3.93301079
0.08211894 3.91756467
0.08433837 3.90195300
0.08655780 3.88622635
0.08877723 3.87043694
0.09099666 3.85463797
0.09321609 3.83888296
0.09543552 3.82322502
0.09765495 3.80771612
0.09987438 3.79240639
0.10209382 3.77734347
0.10431325 3.76257193
0.10653268 3.74813277
0.10875211 3.73406302
0.11097154 3.72039557
0.11319097 3.70715892
0.11541040 3.69437732
0.11762983 3.68207077
0.11984926 3.67025529
0.12206869 3.65894325
0.12428812 3.64814367
0.12650755 3.63786266
0.12872698 3.62810381
0.13094641 3.61886864
0.13316585 3.61015700
0.13538528 3.60196741
0.13760471 3.59429745
0.13982414 3.58714400
0.14204357 3.58050357
0.14426300 3.57437244
0.14648243 3.56874686
0.14870186 3.56362321
0.15092129 3.55899804
0.15314072 3.55486819
0.15536015 3.55123079
0.15757958 3.54808335
0.15979901 3.54542370
0.16201845 3.54325003
0.16423788 3.54156088
0.16645731 3.54035514
0.16867674 3.53963201
0.17089617 3.53939101

0.17089617 3.53939101
0.17313860 3.54032105
0.17538103 3.54309713
0.17762346 3.54767783
0.17986589 3.55399640
0.18210832 3.56196376
0.18435075 3.57147234
0.18659318 3.58240021
0.18883561 3.59461516
0.19107804 3.60797853
0.19332048 3.62234856
0.19556291 3.63758320
0.19780534 3.65354226
0.20004777 3.67008911
0.20229020 3.68709193
0.20453263 3.70442444
0.20677506 3.72196653
0.20901749 3.73960449
0.21125992 3.75723117
0.21350235 3.77474605
0.21574478 3.79205513
0.21798721 3.80907090
0.22022964 3.82571224
0.22247207 3.84190423
0.22471450 3.85757811
0.22695694 3.87267109
0.22919937 3.88712626
0.23144180 3.90089247
0.23368423 3.91392417
0.23592666 3.92618133
0.23816909 3.93762929
0.24041152 3.94823862
0.24265395 3.95798497
0.24489638 3.96684896

0.24489638 3.96684896
0.24711639 3.97474073
0.24933639 3.98174355
0.25155640 3.98785188
0.25377641 3.99306419
0.25599641 3.99738279
0.25821642 4.00081361
0.26043643 4.00336597
0.26265643 4.00505234
0.26487644 4.00588813
0.26709644 4.00589144
0.26931645 4.00508285
0.27153646 4.00697999
0.27375646 4.00863992
0.27597647 4.00963821
0.27819648 4.00998070
0.28041648 4.00967232
0.28263649 4.00871690
0.28485649 4.00711689
0.28707650 4.00487321
0.28929651 4.00198509
0.29151651 3.99844992
0.29373652 3.99426319
0.29595653 3.98941840
0.29817653 3.98390704
0.30039654 3.97771854
0.30261655 3.97084031
0.30483655 3.96325775
0.30705656 3.95495430
0.30927656 3.94591148
0.31149657 3.93610896
0.31371658 3.92552466
0.31593658 3.91413481
0.31815659 3.90191405
0.32037660 3.88854232
0.32259660 3.87487103
0.32481661 3.85999101
0.32703662 3.84416477
0.32925662 3.82736057
0.33147663 3.80954569
0.33369663 3.79068660
0.33591664 3.77074903
0.33813665 3.75778947
0.34035665 3.75079346
0.34257666 3.74461977
0.34479667 3.73936548
0.34701667 3.73512527
0.34923668 3.73198819
0.35145669 3.73003392
0.35367669 3.72932890
0.35589670 3.72992263
0.35811670 3.73184464
0.36033671 3.73510253
0.36255672 3.73968133
0.36477672 3.74554429
0.36699673 3.75263500
0.36921674 3.76088052
0.37143674 3.77019502
0.37365675 3.78048373
0.37587676 3.79164652
0.37809676 3.80358115
0.38031677 3.81618589
0.38253677 3.82936156
0.38475678 3.84301290
0.38697679 3.85704955
0.38919679 3.87138657
0.39141680 3.88594462
0.39363681 3.90065000
0.39585681 3.91543446
0.39807682 3.93023494
0.40029683 3.94499331
0.40251683 3.95965596
0.40473684 3.97417352
0.40695684 3.98850048
0.40917685 4.00259490
0.41139686 4.01641810
0.41361686 4.02993439
0.41583687 4.04311081
0.41805688 4.05591691
0.42027688 4.06832455
0.42249689 4.08030771
0.42471690 4.09184233
0.42693690 4.10290617
0.42915691 4.11347866
0.43137691 4.12354082
0.43359692 4.13307514
0.43581693 4.14206548
0.43803693 4.15049704
0.44025694 4.15835623
0.44247695 4.16563067
0.44469695 4.17230911
0.44691696 4.17838140
0.44913696 4.18383844
0.45135697 4.18867216
0.45357698 4.19287550
0.45579698 4.19644238
0.45801699 4.19936766
0.46023700 4.20164719
0.46245700 4.20327773
0.46467701 4.20425698
0.46689702 4.20458354

0.46689702 4.20458354
0.46912366 4.20433423
0.47135030 4.20358638
0.47357694 4.20234021
0.47580358 4.20059612
0.47803022 4.19835467
0.48025686 4.19561666
0.48248350 4.19238312
0.48471014 4.18865541
0.48693678 4.18443522
0.48916342 4.17972470
0.49139006 4.17452650
0.49361670 4.16884388
0.49584334 4.16268082
0.49806998 4.15604214
0.50029662 4.14893367
0.50252326 4.14136236
0.50474990 4.13333655
0.50697654 4.12486608
0.50920319 4.11596263
0.51142983 4.10663991
0.51365647 4.09691403
0.51588311 4.08680379
0.51810975 4.07633111
0.52033639 4.06552144
0.52256303 4.05440424
0.52478967 4.04301350
0.52701631 4.03138835
0.52924295 4.01957362
0.53146959 4.00762054
0.53369623 3.99558736
0.53592287 3.98354001
0.53814951 3.97155267
0.54037615 3.95970825
0.54260279 3.94809860
0.54482943 3.93682448
0.54705607 3.92599502
0.54928271 3.91572664
0.55150935 3.90614123
0.55373600 3.89736346
0.55596264 3.88951722
0.55818928 3.88272129
0.56041592 3.87708427
0.56264256 3.87269944
0.56486920 3.86963974
0.56709584 3.86795375
0.56932248 3.86766299
0.57154912 3.86876099
0.57377576 3.87121433
0.57600240 3.87496527
0.57822904 3.87993574
0.58045568 3.88603208
0.58268232 3.89314992
0.58490896 3.90117885
0.58713560 3.91000645
0.58936224 3.91952159
0.59158888 3.92961688
0.59381552 3.94019044
0.59604216 3.95114695
0.59826881 3.96239820
0.60049545 3.97386333
0.60272209 3.98546863
0.60494873 3.99714733
0.60717537 4.00883911
0.60940201 4.02048969
0.61162865 4.03205029
0.61385529 4.04347712
0.61608193 4.05473094
0.61830857 4.06577659
0.62053521 4.07658256
0.62276185 4.08712061
0.62498849 4.09736546
0.62721513 4.10729444
0.62944177 4.11688723
0.63166841 4.12612560
0.63389505 4.13499322
0.63612169 4.14347545
0.63834833 4.15155913
0.64057497 4.15923251
0.64280161 4.16648503
0.64502826 4.17330727
0.64725490 4.17969079
0.64948154 4.18562808
0.65170818 4.19111245
0.65393482 4.19613798
0.65616146 4.20069945
0.65838810 4.20479227
0.66061474 4.20841246
0.66284138 4.21155659
0.66506802 4.21422176
0.66729466 4.21640556
0.66952130 4.21810605
0.67174794 4.21932173
0.67397458 4.22005156
0.67620122 4.22029491

0.67620122 4.22029491
0.67844986 4.22020959
0.68069849 4.21995201
0.68294712 4.21951711
0.68519576 4.21889655
0.68744439 4.21807876
0.68969303 4.21704900
0.69194166 4.21578950
0.69419029 4.21427956
0.69643893 4.21249579
0.69868756 4.21041221
0.70093619 4.20800051
0.70318483 4.20523023
0.70543346 4.20206905
0.70768210 4.19848301
0.70993073 4.19443679
0.71217936 4.18989402
0.71442800 4.18481752
0.71667663 4.17916967
0.71892526 4.17291268
0.72117390 4.16600893
0.72342253 4.15842127
0.72567117 4.15011336
0.72791980 4.14105001
0.73016843 4.13119746
0.73241707 4.12052377
0.73466570 4.10899907
0.73691433 4.09659593
0.73916297 4.08328963
0.74141160 4.06905850
0.74366024 4.05388419
0.74590887 4.03775196
0.74815750 4.02065099
0.75040614 4.00257460
0.75265477 3.98352054
0.75490341 3.96349124
0.75715204 3.94249405
0.75940067 3.92054144
0.76164931 3.89765121

0.76164931 3.89765121
0.76389794 3.89712242
0.76614657 3.89553873
0.76839521 3.89290822
0.77064384 3.88924430
0.77289248 3.88456571
0.77514111 3.87889645
0.77738974 3.87226568
0.77963838 3.86470770
0.78188701 3.85626178
0.78413564 3.84697211
0.78638428 3.83688762
0.78863291 3.82606186
0.79088155 3.81455289
0.79313018 3.80242302
0.79537881 3.78973876
0.79762745 3.77657053
0.79987608 3.76299253
0.80212471 3.74908253
0.80437335 3.73492164
0.80662198 3.72059411
0.80887062 3.70618708
0.81111925 3.69179033
0.81336788 3.67749598
0.81561652 3.66339823
0.81786515 3.64959290
0.82011379 3.63617712
0.82236242 3.62324875
0.82461105 3.61090578
0.82685969 3.59924565
0.82910832 3.58836433
0.83135695 3.57835528
0.83360559 3.56930822
0.83585422 3.56130771
0.83810286 3.55443156
0.84035149 3.54874906
0.84260012 3.54431920
0.84484876 3.54118884
0.84709739 3.53939101



0.00000000 4.20458354
0.00221943 4.20441451
0.00443886 4.20390664
0.00665829 4.20305764
0.00887772 4.20186371
0.01109715 4.20031960
0.01331658 4.19841868
0.01553602 4.19615304
0.01775545 4.19351361
0.01997488 4.19049023
0.02219431 4.18707189
0.02441374 4.18324680
0.02663317 4.17900266
0.02885260 4.17432679
0.03107203 4.16920638
0.03329146 4.16362870
0.03551089 4.15758134
0.03773032 4.15105250
0.03994975 4.14403118
0.04216918 4.13650751
0.04438862 4.12847301
0.04660805 4.11992087
0.04882748 4.11084620
0.05104691 4.10124638
0.05326634 4.09112126
0.05548577 4.08047348
0.05770520 4.06930871
0.05992463 4.05763587
0.06214406 4.04546736
0.06436349 4.03281921
0.06658292 4.01971129
0.06880235 4.00616732
0.07102178 3.99221500
0.07324122 3.97788592
0.07546065 3.96321554
0.07768008 3.94824298
0.07989951 3.93301081
0.08211894 3.91756469
0.08433837 3.90195302
0.08655780 3.88622637
0.08877723 3.87043696
0.09099666 3.85463799
0.09321609 3.83888298
0.09543552 3.82322504
0.09765495 3.80771614
0.09987438 3.79240641
0.10209382 3.77734349
0.10431325 3.76257195
0.10653268 3.74813278
0.10875211 3.73406304
0.11097154 3.72039558
0.11319097 3.70715894
0.11541040 3.69437733
0.11762983 3.68207078
0.11984926 3.67025531
0.12206869 3.65894327
0.12428812 3.64814368
0.12650755 3.63786267
0.12872698 3.62810382
0.13094641 3.61886865
0.13316585 3.61015701
0.13538528 3.60196742
0.13760471 3.59429745
0.13982414 3.58714401
0.14204357 3.58050358
0.14426300 3.57437244
0.14648243 3.56874687
0.14870186 3.56362322
0.15092129 3.55899805
0.15314072 3.55486819
0.15536015 3.55123080
0.15757958 3.54808335
0.15979901 3.54723441
0.16201845 3.54628372
0.16423788 3.54498462
0.16645731 3.54337841
0.16867674 3.54150266
0.17089617 3.53939101

0.17089617 3.53939101
0.17313860 3.54149963
0.17538103 3.54522988
0.17762346 3.55056006
0.17986589 3.55745292
0.18210832 3.56585695
0.18435075 3.57570778
0.18659318 3.58692984
0.18883561 3.59943798
0.19107804 3.61313913
0.19332048 3.62793385
0.19556291 3.64371777
0.19780534 3.66038289
0.20004777 3.67781884
0.20229020 3.69591383
0.20453263 3.71455570
0.20677506 3.73363268
0.20901749 3.75303415
0.21125992 3.77265127
0.21350235 3.79237757
0.21574478 3.81210944
0.21798721 3.83174658
0.22022964 3.85119238
0.22247207 3.87035424
0.22471450 3.88914388
0.22695694 3.90747759
0.22919937 3.92527643
0.23144180 3.94246638
0.23368423 3.95897852
0.23592666 3.97474910
0.23816909 3.98971961
0.24041152 4.00383687
0.24265395 4.01705298
0.24489638 4.02932537

0.24489638 4.02932539
0.24711639 4.04050884
0.24933639 4.05069968
0.25155640 4.05987175
0.25377641 4.06800377
0.25599641 4.07507924
0.25821642 4.08108636
0.26043643 4.08601787
0.26265643 4.08987094
0.26487644 4.09264705
0.26709644 4.09435183
0.26931645 4.09499490
0.27153646 4.09458977
0.27375646 4.09315363
0.27597647 4.09070725
0.27819648 4.08727483
0.28041648 4.08288384
0.28263649 4.07756491
0.28485649 4.07135169
0.28707650 4.06428078
0.28929651 4.05639158
0.29151651 4.04772624
0.29373652 4.03832961
0.29595653 4.02824916
0.29817653 4.01753502
0.30039654 4.00623990
0.30261655 3.99441921
0.30483655 3.98213108
0.30705656 3.96943646
0.30927656 3.95639926
0.31149657 3.94308651
0.31371658 3.92956857
0.31593658 3.91591937
0.31815659 3.90221665
0.32037660 3.88883554
0.32259660 3.87498273
0.32481661 3.86162900
0.32703662 3.84857733
0.32925662 3.83592927
0.33147663 3.82379181
0.33369663 3.81227748
0.33591664 3.80150404
0.33813665 3.79159393
0.34035665 3.78267334
0.34257666 3.77487060
0.34479667 3.76831398
0.34701667 3.76312872
0.34923668 3.75943323
0.35145669 3.75733456
0.35367669 3.75692329
0.35589670 3.75826825
0.35811670 3.76141133
0.36033671 3.76636327
0.36255672 3.77310070
0.36477672 3.78156512
0.36699673 3.79166393
0.36921674 3.80327364
0.37143674 3.81624475
0.37365675 3.83040788
0.37587676 3.84558055
0.37809676 3.86157376
0.38031677 3.87819811
0.38253677 3.89526897
0.38475678 3.91261058
0.38697679 3.93005907
0.38919679 3.94746444
0.39141680 3.96469171
0.39363681 3.98162144
0.39585681 3.99814959
0.39807682 4.01418718
0.40029683 4.02965953
0.40251683 4.04450546
0.40473684 4.05867635
0.40695684 4.07213517
0.40917685 4.08485550
0.41139686 4.09682056
0.41361686 4.10802230
0.41583687 4.11846048
0.41805688 4.12814181
0.42027688 4.13707917
0.42249689 4.14529077
0.42471690 4.15279944
0.42693690 4.15963190
0.42915691 4.16581805
0.43137691 4.17139036
0.43359692 4.17638319
0.43581693 4.18083219
0.43803693 4.18477373
0.44025694 4.18824435
0.44247695 4.19128019
0.44469695 4.19391651
0.44691696 4.19618725
0.44913696 4.19812449
0.45135697 4.19975814
0.45357698 4.20111550
0.45579698 4.20222096
0.45801699 4.20309565
0.46023700 4.20375723
0.46245700 4.20421967
0.46467701 4.20449307
0.46689702 4.20458354

0.46689702 4.20458354
0.46912366 4.20433423
0.47135030 4.20358638
0.47357694 4.20234022
0.47580358 4.20059612
0.47803022 4.19835468
0.48025686 4.19561666
0.48248350 4.19238313
0.48471014 4.18865541
0.48693678 4.18443523
0.48916342 4.17972471
0.49139006 4.17452651
0.49361670 4.16884389
0.49584334 4.16268082
0.49806998 4.15604215
0.50029662 4.14893367
0.50252326 4.14136237
0.50474990 4.13333655
0.50697654 4.12486609
0.50920319 4.11596263
0.51142983 4.10663992
0.51365647 4.09691403
0.51588311 4.08680379
0.51810975 4.07633112
0.52033639 4.06552144
0.52256303 4.05440424
0.52478967 4.04301351
0.52701631 4.03138836
0.52924295 4.01957363
0.53146959 4.00762055
0.53369623 3.99558737
0.53592287 3.98354002
0.53814951 3.97155268
0.54037615 3.95970826
0.54260279 3.94809861
0.54482943 3.93682449
0.54705607 3.92599503
0.54928271 3.91572665
0.55150935 3.90614124
0.55373600 3.89736347
0.55596264 3.88951723
0.55818928 3.88272130
0.56041592 3.87708428
0.56264256 3.87269945
0.56486920 3.86963975
0.56709584 3.86795377
0.56932248 3.86766300
0.57154912 3.86876100
0.57377576 3.87121434
0.57600240 3.87496528
0.57822904 3.87993576
0.58045568 3.88603209
0.58268232 3.89314993
0.58490896 3.90117886
0.58713560 3.91000646
0.58936224 3.93563067
0.59158888 3.96144155
0.59381552 3.98566592
0.59604216 4.00834343
0.59826881 4.02951590
0.60049545 4.04922720
0.60272209 4.06752315
0.60494873 4.08445140
0.60717537 4.10006130
0.60940201 4.11440373
0.61162865 4.12753102
0.61385529 4.13949673
0.61608193 4.15035554
0.61830857 4.16016300
0.62053521 4.16897543
0.62276185 4.17684968
0.62498849 4.18384294
0.62721513 4.19001254
0.62944177 4.19541571
0.63166841 4.20010942
0.63389505 4.20415007
0.63612169 4.20759332
0.63834833 4.21049386
0.64057497 4.21290512
0.64280161 4.21487909
0.64502826 4.21646606
0.64725490 4.21771439
0.64948154 4.21867028
0.65170818 4.21937752
0.65393482 4.21987735
0.65616146 4.22020815
0.65838810 4.22040531
0.66061474 4.22050105
0.66284138 4.22052420
0.66506802 4.22050009
0.66729466 4.22045037
0.66952130 4.22039295
0.67174794 4.22034186
0.67397458 4.22030715
0.67620122 4.22029491

0.67620122 4.22029491
0.67844986 4.22020960
0.68069849 4.21995202
0.68294712 4.21951712
0.68519576 4.21889657
0.68744439 4.21807878
0.68969303 4.21704902
0.69194166 4.21578951
0.69419029 4.21427958
0.69643893 4.21249581
0.69868756 4.21041223
0.70093619 4.20800052
0.70318483 4.20523024
0.70543346 4.20206906
0.70768210 4.19848302
0.70993073 4.19443681
0.71217936 4.18989403
0.71442800 4.18481753
0.71667663 4.17916968
0.71892526 4.17291270
0.72117390 4.16600894
0.72342253 4.15842128
0.72567117 4.15011337
0.72791980 4.14105002
0.73016843 4.13119747
0.73241707 4.12052378
0.73466570 4.10899908
0.73691433 4.09659594
0.73916297 4.08328964
0.74141160 4.06905851
0.74366024 4.05388420
0.74590887 4.03775198
0.74815750 4.02065100
0.75040614 4.00257461
0.75265477 3.98352055
0.75490341 3.96349126
0.75715204 3.94249407
0.75940067 3.92054145
0.76164931 3.89765122

0.76164931 3.89765122
0.76389794 3.89712243
0.76614657 3.89553874
0.76839521 3.89290823
0.77064384 3.88924431
0.77289248 3.88456573
0.77514111 3.87889646
0.77738974 3.87226569
0.77963838 3.86470771
0.78188701 3.85626179
0.78413564 3.84697212
0.78638428 3.83688763
0.78863291 3.82606188
0.79088155 3.81455290
0.79313018 3.80242304
0.79537881 3.78973877
0.79762745 3.77657054
0.79987608 3.76299254
0.80212471 3.74908254
0.80437335 3.73492165
0.80662198 3.72059412
0.80887062 3.70618709
0.81111925 3.69179034
0.81336788 3.67749600
0.81561652 3.66339824
0.81786515 3.64959291
0.82011379 3.63617713
0.82236242 3.62324876
0.82461105 3.61090579
0.82685969 3.59924566
0.82910832 3.58836434
0.83135695 3.57835529
0.83360559 3.56930823
0.83585422 3.56130772
0.83810286 3.55443157
0.84035149 3.54874907
0.84260012 3.54431921
0.84484876 3.54118884
0.84709739 3.53939101



