  27   27
1 1
     3.826130145924622     0.000000000002743     0.000000000002026
     0.000000000002743     3.826130145924167    -0.000000000002753
     0.000000000002026    -0.000000000002753     3.826130145928929
1 2
    -1.070721191709946    -0.000000000008949    -0.000000000005109
    -0.000000000008465     0.038520415780652    -0.003545289046216
    -0.000000000007769    -0.003545289046035     0.041027313708240
1 3
    -1.070721191709946    -0.000000000008949    -0.000000000005109
    -0.000000000008465     0.038520415780652    -0.003545289046216
    -0.000000000007769    -0.003545289046035     0.041027313708240
1 4
    -0.238789986081857    -0.480315705502493    -0.003070310372165
    -0.480315705505552    -0.793410789850761     0.001772644524935
    -0.003070310369177     0.001772644532986     0.041027313706658
1 5
     0.055036370351557     0.000000000002155     0.000000000003262
     0.000000000000549     0.055036370351387     0.000000000000770
     0.000000000000343    -0.000000000002565    -0.012463305424657
1 6
    -0.238789986092239     0.480315705500970     0.003070310372039
     0.480315705513181    -0.793410789821745     0.001772644531153
     0.003070310361346     0.001772644546318     0.041027313708624
1 7
    -0.238789986081857    -0.480315705502493    -0.003070310372165
    -0.480315705505552    -0.793410789850761     0.001772644524935
    -0.003070310369177     0.001772644532986     0.041027313706658
1 8
    -0.238789986092239     0.480315705500970     0.003070310372039
     0.480315705513181    -0.793410789821745     0.001772644531153
     0.003070310361346     0.001772644546318     0.041027313708624
1 9
     0.055036370351557     0.000000000002155     0.000000000003262
     0.000000000000549     0.055036370351387     0.000000000000770
     0.000000000000343    -0.000000000002565    -0.012463305424657
1 10
    -0.238789986092932    -0.162999951560926    -0.451822553183905
    -0.162999951555731    -0.050573854285601    -0.260859872716371
    -0.451822553171120    -0.260859872715690    -0.701809621854441
1 11
     0.055036370352239     0.000000000003508     0.000000000003469
     0.000000000002654    -0.004963341452283     0.021213101541718
    -0.000000000000227     0.021213101538877     0.047536406379520
1 12
    -0.238789986091731     0.162999951552681     0.451822553167137
     0.162999951547114    -0.050573854271984    -0.260859872686526
     0.451822553185216    -0.260859872706584    -0.701809621849754
1 13
     0.010036586497025     0.025980637321983     0.018371084831020
     0.025980637319652     0.040036442402410    -0.010606550769890
     0.018371084828433    -0.010606550774360     0.047536406381020
1 14
     0.010036586499911    -0.025980637318232    -0.018371084827475
    -0.025980637320129     0.040036442398811    -0.010606550773944
    -0.018371084829934    -0.010606550776062     0.047536406377456
1 15
    -0.027949495642252     0.000000000001092     0.000000000003113
    -0.000000000000522    -0.012626545841296     0.010834961716317
    -0.000000000000320     0.010834961713570    -0.020288020740202
1 16
     0.043534211629757     0.000000000001620     0.000000000001180
     0.000000000002744    -0.332898051986245     0.521719745394378
     0.000000000000492     0.521719745411346    -0.701809621876302
1 17
    -0.016457283290884    -0.006635031894101     0.009383352097365
    -0.006635031894920    -0.024118758191470    -0.005417480856376
     0.009383352094716    -0.005417480859771    -0.020288020742703
1 18
    -0.016457283290959     0.006635031899321    -0.009383352090944
     0.006635031898052    -0.024118758193958    -0.005417480858571
    -0.009383352093011    -0.005417480860654    -0.020288020737923
1 19
    -0.238789986092932    -0.162999951560926    -0.451822553183905
    -0.162999951555731    -0.050573854285601    -0.260859872716371
    -0.451822553171120    -0.260859872715690    -0.701809621854441
1 20
    -0.238789986091731     0.162999951552681     0.451822553167137
     0.162999951547114    -0.050573854271984    -0.260859872686526
     0.451822553185216    -0.260859872706584    -0.701809621849754
1 21
     0.055036370352239     0.000000000003508     0.000000000003469
     0.000000000002654    -0.004963341452283     0.021213101541718
    -0.000000000000227     0.021213101538877     0.047536406379520
1 22
     0.043534211629757     0.000000000001620     0.000000000001180
     0.000000000002744    -0.332898051986245     0.521719745394378
     0.000000000000492     0.521719745411346    -0.701809621876302
1 23
    -0.016457283290959     0.006635031899321    -0.009383352090944
     0.006635031898052    -0.024118758193958    -0.005417480858571
    -0.009383352093011    -0.005417480860654    -0.020288020737923
1 24
    -0.016457283290884    -0.006635031894101     0.009383352097365
    -0.006635031894920    -0.024118758191470    -0.005417480856376
     0.009383352094716    -0.005417480859771    -0.020288020742703
1 25
     0.010036586497025     0.025980637321983     0.018371084831020
     0.025980637319652     0.040036442402410    -0.010606550769890
     0.018371084828433    -0.010606550774360     0.047536406381020
1 26
    -0.027949495642252     0.000000000001092     0.000000000003113
    -0.000000000000522    -0.012626545841296     0.010834961716317
    -0.000000000000320     0.010834961713570    -0.020288020740202
1 27
     0.010036586499911    -0.025980637318232    -0.018371084827475
    -0.025980637320129     0.040036442398811    -0.010606550773944
    -0.018371084829934    -0.010606550776062     0.047536406377456
2 1
    -1.070721191709946    -0.000000000008465    -0.000000000007769
    -0.000000000008949     0.038520415780652    -0.003545289046035
    -0.000000000005109    -0.003545289046216     0.041027313708240
2 2
     3.826130145926065     0.000000000002217     0.000000000000915
     0.000000000002217     3.826130145925704    -0.000000000003034
     0.000000000000915    -0.000000000003034     3.826130145928418
2 3
    -1.070721191709225    -0.000000000008970    -0.000000000006994
    -0.000000000008970     0.038520415781422    -0.003545289046266
    -0.000000000006994    -0.003545289046266     0.041027313707984
2 4
    -0.238789986095269     0.480315705510300     0.003070310369450
     0.480315705516321    -0.793410789825277     0.001772644531846
     0.003070310357437     0.001772644551714     0.041027313706567
2 5
    -0.238789986085347    -0.480315705511152    -0.003070310372754
    -0.480315705509872    -0.793410789853712     0.001772644524292
    -0.003070310364822     0.001772644536677     0.041027313707222
2 6
     0.055036370351479     0.000000000001419     0.000000000000782
     0.000000000000214     0.055036370351352     0.000000000000512
     0.000000000002221    -0.000000000002013    -0.012463305423865
2 7
     0.055036370352108     0.000000000002955    -0.000000000000480
     0.000000000001159     0.055036370351464     0.000000000001284
     0.000000000000698    -0.000000000001552    -0.012463305425699
2 8
    -0.238789986086146    -0.480315705511866    -0.003070310373348
    -0.480315705509702    -0.793410789854516     0.001772644524085
    -0.003070310363719     0.001772644537460     0.041027313708270
2 9
    -0.238789986090719     0.480315705501663     0.003070310370747
     0.480315705512507    -0.793410789820171     0.001772644531310
     0.003070310361017     0.001772644545303     0.041027313707320
2 10
    -0.238789986100362     0.162999951555386     0.451822553180934
     0.162999951546410    -0.050573854271772    -0.260859872687025
     0.451822553180354    -0.260859872702696    -0.701809621836895
2 11
    -0.238789986080403    -0.162999951552773    -0.451822553169019
    -0.162999951554110    -0.050573854285459    -0.260859872714849
    -0.451822553170055    -0.260859872717872    -0.701809621853427
2 12
     0.055036370352090     0.000000000002840    -0.000000000001338
     0.000000000001672    -0.004963341449011     0.021213101541479
    -0.000000000000628     0.021213101541451     0.047536406376535
2 13
    -0.027949495645419    -0.000000000000054     0.000000000000184
    -0.000000000001868    -0.012626545836758     0.010834961715065
     0.000000000000414     0.010834961710825    -0.020288020737342
2 14
     0.010036586500149     0.025980637322680     0.018371084827783
     0.025980637320131     0.040036442401359    -0.010606550772737
     0.018371084829203    -0.010606550775036     0.047536406378089
2 15
     0.010036586501258    -0.025980637318639    -0.018371084827525
    -0.025980637320835     0.040036442398492    -0.010606550771334
    -0.018371084827895    -0.010606550773940     0.047536406377977
2 16
    -0.016457283287803     0.006635031896407    -0.009383352095080
     0.006635031897060    -0.024118758191699    -0.005417480858826
    -0.009383352093350    -0.005417480861034    -0.020288020742123
2 17
     0.043534211628566    -0.000000000002382     0.000000000007945
     0.000000000000799    -0.332898051987751     0.521719745400408
     0.000000000001237     0.521719745415381    -0.701809621883330
2 18
    -0.016457283290239    -0.006635031892148     0.009383352094875
    -0.006635031893900    -0.024118758193457    -0.005417480858526
     0.009383352095469    -0.005417480860791    -0.020288020737911
2 19
     0.055036370351156     0.000000000000142     0.000000000001115
     0.000000000001411    -0.004963341449666     0.021213101541535
     0.000000000000486     0.021213101540907     0.047536406378125
2 20
    -0.238789986089408    -0.162999951557967    -0.451822553185654
    -0.162999951550407    -0.050573854281219    -0.260859872707505
    -0.451822553184457    -0.260859872723505    -0.701809621877415
2 21
    -0.238789986099909     0.162999951558760     0.451822553184399
     0.162999951557423    -0.050573854278870    -0.260859872703386
     0.451822553183363    -0.260859872706409    -0.701809621840511
2 22
    -0.016457283287803    -0.006635031894922     0.009383352092458
    -0.006635031894184    -0.024118758192153    -0.005417480858468
     0.009383352094750    -0.005417480861071    -0.020288020741669
2 23
     0.043534211628577     0.000000000003536     0.000000000000995
     0.000000000001784    -0.332898051991753     0.521719745402401
     0.000000000001588     0.521719745400136    -0.701809621858430
2 24
    -0.016457283290001     0.006635031897288    -0.009383352092173
     0.006635031895936    -0.024118758190303    -0.005417480856704
    -0.009383352092750    -0.005417480860120    -0.020288020743194
2 25
     0.010036586498091    -0.025980637320200    -0.018371084828878
    -0.025980637321365     0.040036442401098    -0.010606550771412
    -0.018371084827961    -0.010606550775615     0.047536406380041
2 26
     0.010036586500511     0.025980637322262     0.018371084829596
     0.025980637319908     0.040036442400306    -0.010606550770051
     0.018371084828946    -0.010606550773106     0.047536406378567
2 27
    -0.027949495642049     0.000000000001683    -0.000000000001164
    -0.000000000000789    -0.012626545838303     0.010834961711942
    -0.000000000000358     0.010834961710423    -0.020288020741544
3 1
    -1.070721191709946    -0.000000000008465    -0.000000000007769
    -0.000000000008949     0.038520415780652    -0.003545289046035
    -0.000000000005109    -0.003545289046216     0.041027313708240
3 2
    -1.070721191709225    -0.000000000008970    -0.000000000006994
    -0.000000000008970     0.038520415781422    -0.003545289046266
    -0.000000000006994    -0.003545289046266     0.041027313707984
3 3
     3.826130145926065     0.000000000002217     0.000000000000915
     0.000000000002217     3.826130145925705    -0.000000000003034
     0.000000000000915    -0.000000000003034     3.826130145928419
3 4
     0.055036370352108     0.000000000002955    -0.000000000000480
     0.000000000001159     0.055036370351464     0.000000000001284
     0.000000000000698    -0.000000000001552    -0.012463305425699
3 5
    -0.238789986090719     0.480315705501663     0.003070310370747
     0.480315705512507    -0.793410789820171     0.001772644531310
     0.003070310361017     0.001772644545303     0.041027313707320
3 6
    -0.238789986086146    -0.480315705511866    -0.003070310373348
    -0.480315705509702    -0.793410789854516     0.001772644524085
    -0.003070310363719     0.001772644537460     0.041027313708270
3 7
    -0.238789986095269     0.480315705510300     0.003070310369450
     0.480315705516321    -0.793410789825277     0.001772644531846
     0.003070310357437     0.001772644551714     0.041027313706567
3 8
     0.055036370351479     0.000000000001419     0.000000000000782
     0.000000000000214     0.055036370351352     0.000000000000512
     0.000000000002221    -0.000000000002013    -0.012463305423865
3 9
    -0.238789986085347    -0.480315705511152    -0.003070310372754
    -0.480315705509872    -0.793410789853712     0.001772644524292
    -0.003070310364822     0.001772644536677     0.041027313707222
3 10
     0.055036370351156     0.000000000000142     0.000000000001115
     0.000000000001411    -0.004963341449666     0.021213101541535
     0.000000000000486     0.021213101540907     0.047536406378125
3 11
    -0.238789986099909     0.162999951558760     0.451822553184399
     0.162999951557423    -0.050573854278870    -0.260859872703386
     0.451822553183363    -0.260859872706409    -0.701809621840511
3 12
    -0.238789986089408    -0.162999951557967    -0.451822553185654
    -0.162999951550407    -0.050573854281219    -0.260859872707505
    -0.451822553184457    -0.260859872723505    -0.701809621877415
3 13
     0.010036586498091    -0.025980637320200    -0.018371084828878
    -0.025980637321365     0.040036442401098    -0.010606550771412
    -0.018371084827961    -0.010606550775615     0.047536406380041
3 14
    -0.027949495642049     0.000000000001683    -0.000000000001164
    -0.000000000000789    -0.012626545838303     0.010834961711942
    -0.000000000000358     0.010834961710423    -0.020288020741544
3 15
     0.010036586500511     0.025980637322262     0.018371084829596
     0.025980637319908     0.040036442400306    -0.010606550770051
     0.018371084828946    -0.010606550773106     0.047536406378567
3 16
    -0.016457283287803    -0.006635031894922     0.009383352092458
    -0.006635031894184    -0.024118758192153    -0.005417480858468
     0.009383352094750    -0.005417480861071    -0.020288020741669
3 17
    -0.016457283290001     0.006635031897288    -0.009383352092173
     0.006635031895936    -0.024118758190303    -0.005417480856704
    -0.009383352092750    -0.005417480860120    -0.020288020743194
3 18
     0.043534211628577     0.000000000003536     0.000000000000995
     0.000000000001784    -0.332898051991753     0.521719745402401
     0.000000000001588     0.521719745400136    -0.701809621858430
3 19
    -0.238789986100362     0.162999951555386     0.451822553180934
     0.162999951546410    -0.050573854271772    -0.260859872687025
     0.451822553180354    -0.260859872702696    -0.701809621836895
3 20
     0.055036370352090     0.000000000002840    -0.000000000001338
     0.000000000001672    -0.004963341449011     0.021213101541479
    -0.000000000000628     0.021213101541451     0.047536406376535
3 21
    -0.238789986080403    -0.162999951552773    -0.451822553169019
    -0.162999951554110    -0.050573854285459    -0.260859872714849
    -0.451822553170055    -0.260859872717872    -0.701809621853427
3 22
    -0.016457283287803     0.006635031896407    -0.009383352095080
     0.006635031897060    -0.024118758191699    -0.005417480858826
    -0.009383352093350    -0.005417480861034    -0.020288020742123
3 23
    -0.016457283290239    -0.006635031892148     0.009383352094875
    -0.006635031893900    -0.024118758193457    -0.005417480858526
     0.009383352095469    -0.005417480860791    -0.020288020737911
3 24
     0.043534211628566    -0.000000000002382     0.000000000007945
     0.000000000000799    -0.332898051987751     0.521719745400408
     0.000000000001237     0.521719745415381    -0.701809621883330
3 25
    -0.027949495645419    -0.000000000000054     0.000000000000184
    -0.000000000001868    -0.012626545836758     0.010834961715065
     0.000000000000414     0.010834961710825    -0.020288020737342
3 26
     0.010036586501258    -0.025980637318639    -0.018371084827525
    -0.025980637320835     0.040036442398492    -0.010606550771334
    -0.018371084827895    -0.010606550773940     0.047536406377977
3 27
     0.010036586500149     0.025980637322680     0.018371084827783
     0.025980637320131     0.040036442401359    -0.010606550772737
     0.018371084829203    -0.010606550775036     0.047536406378089
4 1
    -0.238789986081857    -0.480315705505552    -0.003070310369177
    -0.480315705502493    -0.793410789850761     0.001772644532986
    -0.003070310372165     0.001772644524935     0.041027313706658
4 2
    -0.238789986095269     0.480315705516321     0.003070310357437
     0.480315705510300    -0.793410789825277     0.001772644551714
     0.003070310369450     0.001772644531846     0.041027313706567
4 3
     0.055036370352108     0.000000000001159     0.000000000000698
     0.000000000002955     0.055036370351464    -0.000000000001552
    -0.000000000000480     0.000000000001284    -0.012463305425699
4 4
     3.826130145853902     0.000000000043475     0.000000000093650
     0.000000000043475     3.826130145928949    -0.000000000137079
     0.000000000093650    -0.000000000137079     3.826130145993937
4 5
    -1.070721191687710    -0.000000000016564    -0.000000000021773
    -0.000000000027088     0.038520415781508    -0.003545289040782
    -0.000000000010493    -0.003545289041462     0.041027313706120
4 6
    -1.070721191688509    -0.000000000017279    -0.000000000022367
    -0.000000000026918     0.038520415780703    -0.003545289040989
    -0.000000000009389    -0.003545289040679     0.041027313707169
4 7
    -0.238789986081092    -0.480315705505387    -0.003070310369571
    -0.480315705505387    -0.793410789853478     0.001772644536550
    -0.003070310369571     0.001772644536550     0.041027313704940
4 8
     0.055036370351403     0.000000000000362     0.000000000000083
     0.000000000000953     0.055036370350992     0.000000000002477
     0.000000000000343     0.000000000002788    -0.012463305425738
4 9
    -0.238789986085303     0.480315705499182     0.003070310357507
     0.480315705504005    -0.793410789818362     0.001772644555007
     0.003070310359790     0.001772644549132     0.041027313705935
4 10
     0.043534211628165    -0.000000000005159     0.000000000006367
     0.000000000005939    -0.332898051997664     0.521719745413145
    -0.000000000006997     0.521719745420556    -0.701809621878612
4 11
    -0.016457283288024    -0.006635031894204     0.009383352094291
    -0.006635031893615    -0.024118758193281    -0.005417480855161
     0.009383352092548    -0.005417480856486    -0.020288020739361
4 12
    -0.016457283288938     0.006635031896304    -0.009383352098091
     0.006635031896436    -0.024118758189755    -0.005417480854245
    -0.009383352097568    -0.005417480854188    -0.020288020744002
4 13
    -0.238789986096372    -0.162999951554650    -0.451822553191586
    -0.162999951558735    -0.050573854280852    -0.260859872715366
    -0.451822553177602    -0.260859872702647    -0.701809621861957
4 14
     0.055036370352156     0.000000000001523    -0.000000000001043
     0.000000000001735    -0.004963341451459     0.021213101543652
    -0.000000000000542     0.021213101542843     0.047536406375513
4 15
    -0.238789986084884     0.162999951543484     0.451822553171213
     0.162999951538893    -0.050573854267456    -0.260859872677591
     0.451822553167697    -0.260859872684789    -0.701809621840896
4 16
     0.010036586501875     0.025980637320081     0.018371084826039
     0.025980637322124     0.040036442401162    -0.010606550769372
     0.018371084828541    -0.010606550770652     0.047536406376624
4 17
     0.010036586499820    -0.025980637319732    -0.018371084828391
    -0.025980637319087     0.040036442400294    -0.010606550769807
    -0.018371084828834    -0.010606550771499     0.047536406374363
4 18
    -0.027949495642871     0.000000000001713    -0.000000000000963
     0.000000000001977    -0.012626545840337     0.010834961716438
    -0.000000000000546     0.010834961715809    -0.020288020740422
4 19
     0.010036586498805     0.025980637319630     0.018371084827911
     0.025980637320368     0.040036442402684    -0.010606550768998
     0.018371084827467    -0.010606550769151     0.047536406378194
4 20
    -0.027949495641984     0.000000000000391    -0.000000000004277
     0.000000000000617    -0.012626545837078     0.010834961717134
    -0.000000000003878     0.010834961717765    -0.020288020744281
4 21
     0.010036586501486    -0.025980637318873    -0.018371084828100
    -0.025980637318460     0.040036442399434    -0.010606550771053
    -0.018371084829197    -0.010606550772313     0.047536406378091
4 22
    -0.238789986088103    -0.162999951551030    -0.451822553183904
    -0.162999951557686    -0.050573854283387    -0.260859872719459
    -0.451822553190228    -0.260859872709773    -0.701809621886422
4 23
    -0.238789986092149     0.162999951548236     0.451822553180276
     0.162999951552769    -0.050573854274074    -0.260859872699846
     0.451822553167925    -0.260859872685809    -0.701809621838393
4 24
     0.055036370351314     0.000000000001004     0.000000000000852
     0.000000000001965    -0.004963341450603     0.021213101545744
    -0.000000000000007     0.021213101544229     0.047536406373491
4 25
     0.043534211627832    -0.000000000004460     0.000000000006012
     0.000000000004995    -0.332898051997197     0.521719745414676
    -0.000000000006617     0.521719745418902    -0.701809621876947
4 26
    -0.016457283287685     0.006635031895607    -0.009383352094331
     0.006635031895563    -0.024118758193847    -0.005417480852159
    -0.009383352095255    -0.005417480853436    -0.020288020742036
4 27
    -0.016457283288115    -0.006635031895584     0.009383352091236
    -0.006635031895602    -0.024118758192322    -0.005417480856063
     0.009383352091957    -0.005417480856674    -0.020288020742835
5 1
     0.055036370351557     0.000000000000549     0.000000000000343
     0.000000000002155     0.055036370351387    -0.000000000002565
     0.000000000003262     0.000000000000770    -0.012463305424657
5 2
    -0.238789986085347    -0.480315705509872    -0.003070310364822
    -0.480315705511152    -0.793410789853712     0.001772644536677
    -0.003070310372754     0.001772644524292     0.041027313707222
5 3
    -0.238789986090719     0.480315705512507     0.003070310361017
     0.480315705501663    -0.793410789820171     0.001772644545303
     0.003070310370747     0.001772644531310     0.041027313707320
5 4
    -1.070721191687710    -0.000000000027088    -0.000000000010493
    -0.000000000016564     0.038520415781508    -0.003545289041462
    -0.000000000021773    -0.003545289040782     0.041027313706120
5 5
     3.826130145854243     0.000000000110842     0.000000000014069
     0.000000000110842     3.826130145930336    -0.000000000138887
     0.000000000014069    -0.000000000138887     3.826130145995509
5 6
    -1.070721191688339    -0.000000000028738    -0.000000000009838
    -0.000000000027854     0.038520415781396    -0.003545289042234
    -0.000000000008141    -0.003545289041243     0.041027313707955
5 7
    -0.238789986085303     0.480315705504005     0.003070310359790
     0.480315705499182    -0.793410789818362     0.001772644549132
     0.003070310357507     0.001772644555007     0.041027313705935
5 8
    -0.238789986090313    -0.480315705518553    -0.003070310365287
    -0.480315705517669    -0.793410789861724     0.001772644539672
    -0.003070310363590     0.001772644540663     0.041027313707627
5 9
     0.055036370352371    -0.000000000000038     0.000000000001096
    -0.000000000000038     0.055036370352489     0.000000000001441
     0.000000000001096     0.000000000001441    -0.012463305426000
5 10
    -0.016457283290630     0.006635031892055    -0.009383352094142
     0.006635031894015    -0.024118758189816    -0.005417480856028
    -0.009383352093556    -0.005417480854910    -0.020288020739953
5 11
     0.043534211630307     0.000000000000767     0.000000000001498
    -0.000000000003093    -0.332898052000764     0.521719745415075
     0.000000000007192     0.521719745416713    -0.701809621875115
5 12
    -0.016457283288607    -0.006635031897232     0.009383352091166
    -0.006635031896289    -0.024118758189603    -0.005417480855292
     0.009383352092384    -0.005417480854680    -0.020288020742513
5 13
    -0.238789986094600     0.162999951541319     0.451822553180840
     0.162999951541812    -0.050573854263805    -0.260859872684884
     0.451822553171345    -0.260859872680852    -0.701809621836911
5 14
    -0.238789986085570    -0.162999951553877    -0.451822553180158
    -0.162999951558389    -0.050573854284023    -0.260859872719842
    -0.451822553184051    -0.260859872715087    -0.701809621880215
5 15
     0.055036370352791    -0.000000000000283     0.000000000001223
    -0.000000000000047    -0.004963341453092     0.021213101545517
     0.000000000001001     0.021213101544906     0.047536406376290
5 16
    -0.027949495640164    -0.000000000002676    -0.000000000001757
    -0.000000000000130    -0.012626545838375     0.010834961714905
     0.000000000000464     0.010834961715408    -0.020288020743462
5 17
     0.010036586499644     0.025980637319339     0.018371084829251
     0.025980637319629     0.040036442403068    -0.010606550769579
     0.018371084829740    -0.010606550771039     0.047536406375873
5 18
     0.010036586500087    -0.025980637319973    -0.018371084828000
    -0.025980637319292     0.040036442399374    -0.010606550772085
    -0.018371084827258    -0.010606550772356     0.047536406378799
5 19
     0.010036586498533    -0.025980637323407    -0.018371084828568
    -0.025980637320494     0.040036442400770    -0.010606550772086
    -0.018371084828237    -0.010606550771110     0.047536406377994
5 20
     0.010036586500689     0.025980637319585     0.018371084826338
     0.025980637319977     0.040036442403896    -0.010606550770564
     0.018371084827309    -0.010606550769654     0.047536406377519
5 21
    -0.027949495641175    -0.000000000000592     0.000000000001154
     0.000000000000404    -0.012626545839130     0.010834961715261
     0.000000000000668     0.010834961714555    -0.020288020739359
5 22
     0.055036370353324    -0.000000000000559    -0.000000000000789
     0.000000000001851    -0.004963341450935     0.021213101543300
     0.000000000001562     0.021213101542877     0.047536406375740
5 23
    -0.238789986082226    -0.162999951550561    -0.451822553171683
    -0.162999951554637    -0.050573854283266    -0.260859872714883
    -0.451822553169991    -0.260859872706969    -0.701809621856981
5 24
    -0.238789986093766     0.162999951542162     0.451822553181928
     0.162999951542791    -0.050573854264642    -0.260859872685301
     0.451822553183455    -0.260859872687138    -0.701809621861041
5 25
    -0.016457283291286    -0.006635031899242     0.009383352093899
    -0.006635031898164    -0.024118758190076    -0.005417480854053
     0.009383352094392    -0.005417480856265    -0.020288020737885
5 26
     0.043534211630155    -0.000000000004767     0.000000000007451
    -0.000000000004531    -0.332898052011686     0.521719745431032
     0.000000000007229     0.521719745430420    -0.701809621893174
5 27
    -0.016457283287945     0.006635031894328    -0.009383352095528
     0.006635031894023    -0.024118758191041    -0.005417480857570
    -0.009383352094073    -0.005417480857391    -0.020288020742637
6 1
    -0.238789986092239     0.480315705513181     0.003070310361346
     0.480315705500970    -0.793410789821745     0.001772644546318
     0.003070310372039     0.001772644531153     0.041027313708624
6 2
     0.055036370351479     0.000000000000214     0.000000000002221
     0.000000000001419     0.055036370351352    -0.000000000002013
     0.000000000000782     0.000000000000512    -0.012463305423865
6 3
    -0.238789986086146    -0.480315705509702    -0.003070310363719
    -0.480315705511866    -0.793410789854516     0.001772644537460
    -0.003070310373348     0.001772644524085     0.041027313708270
6 4
    -1.070721191688509    -0.000000000026918    -0.000000000009389
    -0.000000000017279     0.038520415780703    -0.003545289040679
    -0.000000000022367    -0.003545289040989     0.041027313707169
6 5
    -1.070721191688339    -0.000000000027854    -0.000000000008141
    -0.000000000028738     0.038520415781396    -0.003545289041243
    -0.000000000009838    -0.003545289042234     0.041027313707955
6 6
     3.826130145852644     0.000000000110297     0.000000000014578
     0.000000000110297     3.826130145928726    -0.000000000138311
     0.000000000014578    -0.000000000138311     3.826130145997605
6 7
     0.055036370351403     0.000000000000953     0.000000000000343
     0.000000000000362     0.055036370350992     0.000000000002788
     0.000000000000083     0.000000000002477    -0.012463305425738
6 8
    -0.238789986082351     0.480315705494823     0.003070310361597
     0.480315705494823    -0.793410789814866     0.001772644549172
     0.003070310361597     0.001772644549172     0.041027313708785
6 9
    -0.238789986090313    -0.480315705517669    -0.003070310363590
    -0.480315705518553    -0.793410789861724     0.001772644540663
    -0.003070310365287     0.001772644539672     0.041027313707627
6 10
    -0.016457283291753    -0.006635031899772     0.009383352095357
    -0.006635031897934    -0.024118758191347    -0.005417480854801
     0.009383352093419    -0.005417480854819    -0.020288020738502
6 11
    -0.016457283288653     0.006635031895996    -0.009383352091537
     0.006635031895500    -0.024118758192990    -0.005417480855622
    -0.009383352093681    -0.005417480857542    -0.020288020737929
6 12
     0.043534211628671     0.000000000004880    -0.000000000007093
    -0.000000000004405    -0.332898051997272     0.521719745412800
     0.000000000005237     0.521719745433364    -0.701809621897922
6 13
     0.055036370350118    -0.000000000001161     0.000000000001583
    -0.000000000001175    -0.004963341450095     0.021213101545871
     0.000000000000669     0.021213101542182     0.047536406379900
6 14
    -0.238789986085962     0.162999951538370     0.451822553168431
     0.162999951546383    -0.050573854268877    -0.260859872694356
     0.451822553180632    -0.260859872687317    -0.701809621855699
6 15
    -0.238789986082151    -0.162999951552031    -0.451822553171014
    -0.162999951552678    -0.050573854282245    -0.260859872705130
    -0.451822553172933    -0.260859872706732    -0.701809621860034
6 16
     0.010036586500941    -0.025980637321558    -0.018371084828468
    -0.025980637319706     0.040036442398746    -0.010606550771462
    -0.018371084828951    -0.010606550773052     0.047536406377306
6 17
    -0.027949495643313    -0.000000000001904     0.000000000002241
    -0.000000000001978    -0.012626545837998     0.010834961717671
     0.000000000000674     0.010834961716070    -0.020288020743766
6 18
     0.010036586498542     0.025980637320941     0.018371084829944
     0.025980637320894     0.040036442400383    -0.010606550770467
     0.018371084829269    -0.010606550771281     0.047536406380437
6 19
    -0.027949495645000    -0.000000000003975     0.000000000001215
    -0.000000000002696    -0.012626545837933     0.010834961716388
    -0.000000000000435     0.010834961716660    -0.020288020739317
6 20
     0.010036586499504    -0.025980637320845    -0.018371084829297
    -0.025980637320299     0.040036442400733    -0.010606550771000
    -0.018371084830745    -0.010606550771978     0.047536406377388
6 21
     0.010036586500069     0.025980637320513     0.018371084830748
     0.025980637320881     0.040036442400898    -0.010606550770400
     0.018371084828443    -0.010606550771971     0.047536406380713
6 22
    -0.238789986084963     0.162999951537403     0.451822553168266
     0.162999951548101    -0.050573854269046    -0.260859872693464
     0.451822553181330    -0.260859872686718    -0.701809621856258
6 23
     0.055036370350728     0.000000000001913     0.000000000001603
     0.000000000000521    -0.004963341452923     0.021213101544406
     0.000000000001176     0.021213101542265     0.047536406379099
6 24
    -0.238789986083052    -0.162999951551744    -0.451822553169995
    -0.162999951551827    -0.050573854280004    -0.260859872705358
    -0.451822553178958    -0.260859872711526    -0.701809621872934
6 25
    -0.016457283291761     0.006635031892924    -0.009383352093394
     0.006635031892356    -0.024118758190154    -0.005417480853714
    -0.009383352093770    -0.005417480856772    -0.020288020737239
6 26
    -0.016457283288476    -0.006635031897669     0.009383352095902
    -0.006635031898317    -0.024118758194556    -0.005417480852344
     0.009383352093983    -0.005417480853947    -0.020288020739766
6 27
     0.043534211628883     0.000000000000394     0.000000000000263
    -0.000000000005056    -0.332898051995637     0.521719745406825
     0.000000000006404     0.521719745427576    -0.701809621891910
7 1
    -0.238789986081857    -0.480315705505552    -0.003070310369177
    -0.480315705502493    -0.793410789850761     0.001772644532986
    -0.003070310372165     0.001772644524935     0.041027313706658
7 2
     0.055036370352108     0.000000000001159     0.000000000000698
     0.000000000002955     0.055036370351464    -0.000000000001552
    -0.000000000000480     0.000000000001284    -0.012463305425699
7 3
    -0.238789986095269     0.480315705516321     0.003070310357437
     0.480315705510300    -0.793410789825277     0.001772644551714
     0.003070310369450     0.001772644531846     0.041027313706567
7 4
    -0.238789986081092    -0.480315705505387    -0.003070310369571
    -0.480315705505387    -0.793410789853478     0.001772644536550
    -0.003070310369571     0.001772644536550     0.041027313704940
7 5
    -0.238789986085303     0.480315705499182     0.003070310357507
     0.480315705504005    -0.793410789818362     0.001772644555007
     0.003070310359790     0.001772644549132     0.041027313705935
7 6
     0.055036370351403     0.000000000000362     0.000000000000083
     0.000000000000953     0.055036370350992     0.000000000002477
     0.000000000000343     0.000000000002788    -0.012463305425738
7 7
     3.826130145853902     0.000000000043475     0.000000000093650
     0.000000000043475     3.826130145928949    -0.000000000137079
     0.000000000093650    -0.000000000137079     3.826130145993937
7 8
    -1.070721191688509    -0.000000000017279    -0.000000000022367
    -0.000000000026918     0.038520415780703    -0.003545289040989
    -0.000000000009389    -0.003545289040679     0.041027313707168
7 9
    -1.070721191687710    -0.000000000016564    -0.000000000021773
    -0.000000000027088     0.038520415781508    -0.003545289040782
    -0.000000000010493    -0.003545289041462     0.041027313706120
7 10
     0.010036586498805     0.025980637319630     0.018371084827911
     0.025980637320368     0.040036442402684    -0.010606550768998
     0.018371084827467    -0.010606550769151     0.047536406378194
7 11
     0.010036586501486    -0.025980637318873    -0.018371084828100
    -0.025980637318460     0.040036442399434    -0.010606550771053
    -0.018371084829197    -0.010606550772313     0.047536406378091
7 12
    -0.027949495641984     0.000000000000391    -0.000000000004277
     0.000000000000617    -0.012626545837078     0.010834961717134
    -0.000000000003878     0.010834961717765    -0.020288020744281
7 13
     0.043534211627832    -0.000000000004460     0.000000000006012
     0.000000000004995    -0.332898051997197     0.521719745414676
    -0.000000000006617     0.521719745418902    -0.701809621876947
7 14
    -0.016457283288115    -0.006635031895584     0.009383352091236
    -0.006635031895602    -0.024118758192322    -0.005417480856063
     0.009383352091957    -0.005417480856674    -0.020288020742835
7 15
    -0.016457283287685     0.006635031895607    -0.009383352094331
     0.006635031895563    -0.024118758193847    -0.005417480852159
    -0.009383352095255    -0.005417480853436    -0.020288020742036
7 16
    -0.238789986088103    -0.162999951551030    -0.451822553183904
    -0.162999951557686    -0.050573854283387    -0.260859872719459
    -0.451822553190228    -0.260859872709773    -0.701809621886422
7 17
     0.055036370351314     0.000000000001004     0.000000000000852
     0.000000000001965    -0.004963341450603     0.021213101545744
    -0.000000000000007     0.021213101544229     0.047536406373491
7 18
    -0.238789986092149     0.162999951548236     0.451822553180276
     0.162999951552769    -0.050573854274074    -0.260859872699846
     0.451822553167925    -0.260859872685809    -0.701809621838393
7 19
     0.043534211628165    -0.000000000005159     0.000000000006367
     0.000000000005939    -0.332898051997664     0.521719745413145
    -0.000000000006997     0.521719745420556    -0.701809621878612
7 20
    -0.016457283288938     0.006635031896304    -0.009383352098091
     0.006635031896436    -0.024118758189755    -0.005417480854245
    -0.009383352097568    -0.005417480854188    -0.020288020744002
7 21
    -0.016457283288024    -0.006635031894204     0.009383352094291
    -0.006635031893615    -0.024118758193281    -0.005417480855161
     0.009383352092548    -0.005417480856486    -0.020288020739361
7 22
     0.010036586501875     0.025980637320081     0.018371084826039
     0.025980637322124     0.040036442401162    -0.010606550769372
     0.018371084828541    -0.010606550770652     0.047536406376624
7 23
    -0.027949495642871     0.000000000001713    -0.000000000000963
     0.000000000001977    -0.012626545840337     0.010834961716438
    -0.000000000000546     0.010834961715809    -0.020288020740422
7 24
     0.010036586499820    -0.025980637319732    -0.018371084828391
    -0.025980637319087     0.040036442400294    -0.010606550769807
    -0.018371084828834    -0.010606550771499     0.047536406374363
7 25
    -0.238789986096372    -0.162999951554650    -0.451822553191586
    -0.162999951558735    -0.050573854280852    -0.260859872715366
    -0.451822553177602    -0.260859872702647    -0.701809621861957
7 26
    -0.238789986084884     0.162999951543484     0.451822553171213
     0.162999951538893    -0.050573854267456    -0.260859872677591
     0.451822553167697    -0.260859872684789    -0.701809621840896
7 27
     0.055036370352156     0.000000000001523    -0.000000000001043
     0.000000000001735    -0.004963341451459     0.021213101543652
    -0.000000000000542     0.021213101542843     0.047536406375513
8 1
    -0.238789986092239     0.480315705513181     0.003070310361346
     0.480315705500970    -0.793410789821745     0.001772644546318
     0.003070310372039     0.001772644531153     0.041027313708624
8 2
    -0.238789986086146    -0.480315705509702    -0.003070310363719
    -0.480315705511866    -0.793410789854516     0.001772644537460
    -0.003070310373348     0.001772644524085     0.041027313708270
8 3
     0.055036370351479     0.000000000000214     0.000000000002221
     0.000000000001419     0.055036370351352    -0.000000000002013
     0.000000000000782     0.000000000000512    -0.012463305423865
8 4
     0.055036370351403     0.000000000000953     0.000000000000343
     0.000000000000362     0.055036370350992     0.000000000002788
     0.000000000000083     0.000000000002477    -0.012463305425738
8 5
    -0.238789986090313    -0.480315705517669    -0.003070310363590
    -0.480315705518553    -0.793410789861724     0.001772644540663
    -0.003070310365287     0.001772644539672     0.041027313707627
8 6
    -0.238789986082351     0.480315705494823     0.003070310361597
     0.480315705494823    -0.793410789814866     0.001772644549172
     0.003070310361597     0.001772644549172     0.041027313708785
8 7
    -1.070721191688509    -0.000000000026918    -0.000000000009389
    -0.000000000017279     0.038520415780703    -0.003545289040679
    -0.000000000022367    -0.003545289040989     0.041027313707168
8 8
     3.826130145852644     0.000000000110297     0.000000000014578
     0.000000000110297     3.826130145928726    -0.000000000138311
     0.000000000014578    -0.000000000138311     3.826130145997605
8 9
    -1.070721191688339    -0.000000000027854    -0.000000000008141
    -0.000000000028738     0.038520415781396    -0.003545289041243
    -0.000000000009838    -0.003545289042234     0.041027313707955
8 10
    -0.027949495645000    -0.000000000003975     0.000000000001215
    -0.000000000002696    -0.012626545837933     0.010834961716388
    -0.000000000000435     0.010834961716660    -0.020288020739317
8 11
     0.010036586500069     0.025980637320513     0.018371084830748
     0.025980637320881     0.040036442400898    -0.010606550770400
     0.018371084828443    -0.010606550771971     0.047536406380713
8 12
     0.010036586499504    -0.025980637320845    -0.018371084829297
    -0.025980637320299     0.040036442400733    -0.010606550771000
    -0.018371084830745    -0.010606550771978     0.047536406377388
8 13
    -0.016457283291761     0.006635031892924    -0.009383352093394
     0.006635031892356    -0.024118758190154    -0.005417480853714
    -0.009383352093770    -0.005417480856772    -0.020288020737239
8 14
     0.043534211628883     0.000000000000394     0.000000000000263
    -0.000000000005056    -0.332898051995637     0.521719745406825
     0.000000000006404     0.521719745427576    -0.701809621891910
8 15
    -0.016457283288476    -0.006635031897669     0.009383352095902
    -0.006635031898317    -0.024118758194556    -0.005417480852344
     0.009383352093983    -0.005417480853947    -0.020288020739766
8 16
    -0.238789986084963     0.162999951537403     0.451822553168266
     0.162999951548101    -0.050573854269046    -0.260859872693464
     0.451822553181330    -0.260859872686718    -0.701809621856258
8 17
    -0.238789986083052    -0.162999951551744    -0.451822553169995
    -0.162999951551827    -0.050573854280004    -0.260859872705358
    -0.451822553178958    -0.260859872711526    -0.701809621872934
8 18
     0.055036370350728     0.000000000001913     0.000000000001603
     0.000000000000521    -0.004963341452923     0.021213101544406
     0.000000000001176     0.021213101542265     0.047536406379099
8 19
    -0.016457283291753    -0.006635031899772     0.009383352095357
    -0.006635031897934    -0.024118758191347    -0.005417480854801
     0.009383352093419    -0.005417480854819    -0.020288020738502
8 20
     0.043534211628671     0.000000000004880    -0.000000000007093
    -0.000000000004405    -0.332898051997272     0.521719745412800
     0.000000000005237     0.521719745433364    -0.701809621897922
8 21
    -0.016457283288653     0.006635031895996    -0.009383352091537
     0.006635031895500    -0.024118758192990    -0.005417480855622
    -0.009383352093681    -0.005417480857542    -0.020288020737929
8 22
     0.010036586500941    -0.025980637321558    -0.018371084828468
    -0.025980637319706     0.040036442398746    -0.010606550771462
    -0.018371084828951    -0.010606550773052     0.047536406377306
8 23
     0.010036586498542     0.025980637320941     0.018371084829944
     0.025980637320894     0.040036442400383    -0.010606550770467
     0.018371084829269    -0.010606550771281     0.047536406380437
8 24
    -0.027949495643313    -0.000000000001904     0.000000000002241
    -0.000000000001978    -0.012626545837998     0.010834961717671
     0.000000000000674     0.010834961716070    -0.020288020743766
8 25
     0.055036370350118    -0.000000000001161     0.000000000001583
    -0.000000000001175    -0.004963341450095     0.021213101545871
     0.000000000000669     0.021213101542182     0.047536406379900
8 26
    -0.238789986082151    -0.162999951552031    -0.451822553171014
    -0.162999951552678    -0.050573854282245    -0.260859872705130
    -0.451822553172933    -0.260859872706732    -0.701809621860034
8 27
    -0.238789986085962     0.162999951538370     0.451822553168431
     0.162999951546383    -0.050573854268877    -0.260859872694356
     0.451822553180632    -0.260859872687317    -0.701809621855699
9 1
     0.055036370351557     0.000000000000549     0.000000000000343
     0.000000000002155     0.055036370351387    -0.000000000002565
     0.000000000003262     0.000000000000770    -0.012463305424657
9 2
    -0.238789986090719     0.480315705512507     0.003070310361017
     0.480315705501663    -0.793410789820171     0.001772644545303
     0.003070310370747     0.001772644531310     0.041027313707320
9 3
    -0.238789986085347    -0.480315705509872    -0.003070310364822
    -0.480315705511152    -0.793410789853712     0.001772644536677
    -0.003070310372754     0.001772644524292     0.041027313707222
9 4
    -0.238789986085303     0.480315705504005     0.003070310359790
     0.480315705499182    -0.793410789818362     0.001772644549132
     0.003070310357507     0.001772644555007     0.041027313705935
9 5
     0.055036370352371    -0.000000000000038     0.000000000001096
    -0.000000000000038     0.055036370352489     0.000000000001441
     0.000000000001096     0.000000000001441    -0.012463305426000
9 6
    -0.238789986090313    -0.480315705518553    -0.003070310365287
    -0.480315705517669    -0.793410789861724     0.001772644539672
    -0.003070310363590     0.001772644540663     0.041027313707627
9 7
    -1.070721191687710    -0.000000000027088    -0.000000000010493
    -0.000000000016564     0.038520415781508    -0.003545289041462
    -0.000000000021773    -0.003545289040782     0.041027313706120
9 8
    -1.070721191688339    -0.000000000028738    -0.000000000009838
    -0.000000000027854     0.038520415781396    -0.003545289042234
    -0.000000000008141    -0.003545289041243     0.041027313707955
9 9
     3.826130145854242     0.000000000110842     0.000000000014069
     0.000000000110842     3.826130145930336    -0.000000000138887
     0.000000000014069    -0.000000000138887     3.826130145995508
9 10
     0.010036586498533    -0.025980637323407    -0.018371084828568
    -0.025980637320494     0.040036442400770    -0.010606550772086
    -0.018371084828237    -0.010606550771110     0.047536406377994
9 11
    -0.027949495641175    -0.000000000000592     0.000000000001154
     0.000000000000404    -0.012626545839130     0.010834961715261
     0.000000000000668     0.010834961714555    -0.020288020739359
9 12
     0.010036586500689     0.025980637319585     0.018371084826338
     0.025980637319977     0.040036442403896    -0.010606550770564
     0.018371084827309    -0.010606550769654     0.047536406377519
9 13
    -0.016457283291286    -0.006635031899242     0.009383352093899
    -0.006635031898164    -0.024118758190076    -0.005417480854053
     0.009383352094392    -0.005417480856265    -0.020288020737885
9 14
    -0.016457283287945     0.006635031894328    -0.009383352095528
     0.006635031894023    -0.024118758191041    -0.005417480857570
    -0.009383352094073    -0.005417480857391    -0.020288020742637
9 15
     0.043534211630155    -0.000000000004767     0.000000000007451
    -0.000000000004531    -0.332898052011686     0.521719745431032
     0.000000000007229     0.521719745430420    -0.701809621893174
9 16
     0.055036370353324    -0.000000000000559    -0.000000000000789
     0.000000000001851    -0.004963341450935     0.021213101543300
     0.000000000001562     0.021213101542877     0.047536406375740
9 17
    -0.238789986093766     0.162999951542162     0.451822553181928
     0.162999951542791    -0.050573854264642    -0.260859872685301
     0.451822553183455    -0.260859872687138    -0.701809621861041
9 18
    -0.238789986082226    -0.162999951550561    -0.451822553171683
    -0.162999951554637    -0.050573854283266    -0.260859872714883
    -0.451822553169991    -0.260859872706969    -0.701809621856981
9 19
    -0.016457283290630     0.006635031892055    -0.009383352094142
     0.006635031894015    -0.024118758189816    -0.005417480856028
    -0.009383352093556    -0.005417480854910    -0.020288020739953
9 20
    -0.016457283288607    -0.006635031897232     0.009383352091166
    -0.006635031896289    -0.024118758189603    -0.005417480855292
     0.009383352092384    -0.005417480854680    -0.020288020742513
9 21
     0.043534211630307     0.000000000000767     0.000000000001498
    -0.000000000003093    -0.332898052000764     0.521719745415075
     0.000000000007192     0.521719745416713    -0.701809621875115
9 22
    -0.027949495640164    -0.000000000002676    -0.000000000001757
    -0.000000000000130    -0.012626545838375     0.010834961714905
     0.000000000000464     0.010834961715408    -0.020288020743462
9 23
     0.010036586500087    -0.025980637319973    -0.018371084828000
    -0.025980637319292     0.040036442399374    -0.010606550772085
    -0.018371084827258    -0.010606550772356     0.047536406378799
9 24
     0.010036586499644     0.025980637319339     0.018371084829251
     0.025980637319629     0.040036442403068    -0.010606550769579
     0.018371084829740    -0.010606550771039     0.047536406375873
9 25
    -0.238789986094600     0.162999951541319     0.451822553180840
     0.162999951541812    -0.050573854263805    -0.260859872684884
     0.451822553171345    -0.260859872680852    -0.701809621836911
9 26
     0.055036370352791    -0.000000000000283     0.000000000001223
    -0.000000000000047    -0.004963341453092     0.021213101545517
     0.000000000001001     0.021213101544906     0.047536406376290
9 27
    -0.238789986085570    -0.162999951553877    -0.451822553180158
    -0.162999951558389    -0.050573854284023    -0.260859872719842
    -0.451822553184051    -0.260859872715087    -0.701809621880215
10 1
    -0.238789986092932    -0.162999951555731    -0.451822553171120
    -0.162999951560926    -0.050573854285601    -0.260859872715690
    -0.451822553183905    -0.260859872716371    -0.701809621854441
10 2
    -0.238789986100362     0.162999951546410     0.451822553180354
     0.162999951555386    -0.050573854271772    -0.260859872702696
     0.451822553180934    -0.260859872687025    -0.701809621836895
10 3
     0.055036370351156     0.000000000001411     0.000000000000486
     0.000000000000142    -0.004963341449666     0.021213101540907
     0.000000000001115     0.021213101541535     0.047536406378125
10 4
     0.043534211628165     0.000000000005939    -0.000000000006997
    -0.000000000005159    -0.332898051997664     0.521719745420556
     0.000000000006367     0.521719745413145    -0.701809621878612
10 5
    -0.016457283290630     0.006635031894015    -0.009383352093556
     0.006635031892055    -0.024118758189816    -0.005417480854910
    -0.009383352094142    -0.005417480856028    -0.020288020739953
10 6
    -0.016457283291753    -0.006635031897934     0.009383352093419
    -0.006635031899772    -0.024118758191347    -0.005417480854819
     0.009383352095357    -0.005417480854801    -0.020288020738502
10 7
     0.010036586498805     0.025980637320368     0.018371084827467
     0.025980637319630     0.040036442402684    -0.010606550769151
     0.018371084827911    -0.010606550768998     0.047536406378194
10 8
    -0.027949495645000    -0.000000000002696    -0.000000000000435
    -0.000000000003975    -0.012626545837933     0.010834961716660
     0.000000000001215     0.010834961716388    -0.020288020739317
10 9
     0.010036586498533    -0.025980637320494    -0.018371084828237
    -0.025980637323407     0.040036442400770    -0.010606550771110
    -0.018371084828568    -0.010606550772086     0.047536406377994
10 10
     3.826130146035063     0.000000000149190     0.000000000041403
     0.000000000149190     3.826130145824821    -0.000000000037851
     0.000000000041403    -0.000000000037851     3.826130145917952
10 11
    -1.070721191726054    -0.000000000031756    -0.000000000012519
    -0.000000000011291     0.038520415781503    -0.003545289043691
    -0.000000000007367    -0.003545289045533     0.041027313707784
10 12
    -1.070721191723793    -0.000000000032344    -0.000000000015804
    -0.000000000023560     0.038520415783390    -0.003545289043341
    -0.000000000026593    -0.003545289043670     0.041027313705136
10 13
    -0.238789986111319    -0.480315705528428    -0.003070310372812
    -0.480315705530072    -0.793410789841219     0.001772644526821
    -0.003070310372078     0.001772644523636     0.041027313708234
10 14
     0.055036370351204     0.000000000001496    -0.000000000000860
    -0.000000000000846     0.055036370351678    -0.000000000002122
     0.000000000000726    -0.000000000002448    -0.012463305427365
10 15
    -0.238789986086105     0.480315705488215     0.003070310366856
     0.480315705501679    -0.793410789800744     0.001772644539293
     0.003070310361132     0.001772644547125     0.041027313706012
10 16
    -0.238789986099179    -0.480315705511792    -0.003070310373924
    -0.480315705526207    -0.793410789840420     0.001772644525003
    -0.003070310376287     0.001772644516396     0.041027313704831
10 17
    -0.238789986091794     0.480315705495618     0.003070310367044
     0.480315705494033    -0.793410789784464     0.001772644538585
     0.003070310367124     0.001772644536520     0.041027313703720
10 18
     0.055036370350405     0.000000000002200     0.000000000001155
     0.000000000000255     0.055036370351150    -0.000000000001096
     0.000000000001632    -0.000000000001877    -0.012463305424255
10 19
    -0.238789986103244    -0.162999951563595    -0.451822553186288
    -0.162999951563595    -0.050573854284855    -0.260859872715733
    -0.451822553186288    -0.260859872715733    -0.701809621855563
10 20
     0.055036370351061     0.000000000001580    -0.000000000001606
    -0.000000000000857    -0.004963341447814     0.021213101542479
    -0.000000000000268     0.021213101543079     0.047536406375800
10 21
    -0.238789986099586     0.162999951547226     0.451822553181184
     0.162999951554864    -0.050573854272423    -0.260859872700935
     0.451822553180727    -0.260859872688286    -0.701809621836491
10 22
     0.010036586500072     0.025980637319118     0.018371084826955
     0.025980637320424     0.040036442402453    -0.010606550770888
     0.018371084829900    -0.010606550772016     0.047536406377051
10 23
     0.010036586497673    -0.025980637319176    -0.018371084828315
    -0.025980637321408     0.040036442399466    -0.010606550772267
    -0.018371084827904    -0.010606550773514     0.047536406378504
10 24
    -0.027949495645650    -0.000000000001589     0.000000000000848
    -0.000000000002942    -0.012626545835939     0.010834961715868
     0.000000000000931     0.010834961713995    -0.020288020744058
10 25
     0.043534211626601    -0.000000000004828     0.000000000006526
    -0.000000000006471    -0.332898051983837     0.521719745402842
     0.000000000007261     0.521719745399657    -0.701809621861506
10 26
    -0.016457283290535    -0.006635031897075     0.009383352094365
    -0.006635031899560    -0.024118758192590    -0.005417480854161
     0.009383352094385    -0.005417480855745    -0.020288020740244
10 27
    -0.016457283290802     0.006635031894652    -0.009383352095590
     0.006635031892387    -0.024118758189811    -0.005417480858555
    -0.009383352094721    -0.005417480859494    -0.020288020742135
11 1
     0.055036370352239     0.000000000002654    -0.000000000000227
     0.000000000003508    -0.004963341452283     0.021213101538877
     0.000000000003469     0.021213101541718     0.047536406379520
11 2
    -0.238789986080403    -0.162999951554110    -0.451822553170055
    -0.162999951552773    -0.050573854285459    -0.260859872717872
    -0.451822553169019    -0.260859872714849    -0.701809621853427
11 3
    -0.238789986099909     0.162999951557423     0.451822553183363
     0.162999951558760    -0.050573854278870    -0.260859872706409
     0.451822553184399    -0.260859872703386    -0.701809621840511
11 4
    -0.016457283288024    -0.006635031893615     0.009383352092548
    -0.006635031894204    -0.024118758193281    -0.005417480856486
     0.009383352094291    -0.005417480855161    -0.020288020739361
11 5
     0.043534211630307    -0.000000000003093     0.000000000007192
     0.000000000000767    -0.332898052000764     0.521719745416713
     0.000000000001498     0.521719745415075    -0.701809621875115
11 6
    -0.016457283288653     0.006635031895500    -0.009383352093681
     0.006635031895996    -0.024118758192990    -0.005417480857542
    -0.009383352091537    -0.005417480855622    -0.020288020737929
11 7
     0.010036586501486    -0.025980637318460    -0.018371084829197
    -0.025980637318873     0.040036442399434    -0.010606550772313
    -0.018371084828100    -0.010606550771053     0.047536406378091
11 8
     0.010036586500069     0.025980637320881     0.018371084828443
     0.025980637320513     0.040036442400898    -0.010606550771971
     0.018371084830748    -0.010606550770400     0.047536406380713
11 9
    -0.027949495641175     0.000000000000404     0.000000000000668
    -0.000000000000592    -0.012626545839130     0.010834961714555
     0.000000000001154     0.010834961715261    -0.020288020739359
11 10
    -1.070721191726054    -0.000000000011291    -0.000000000007367
    -0.000000000031756     0.038520415781503    -0.003545289045533
    -0.000000000012519    -0.003545289043691     0.041027313707784
11 11
     3.826130145927616     0.000000000002511     0.000000000001538
     0.000000000002511     3.826130145924402    -0.000000000002535
     0.000000000001538    -0.000000000002535     3.826130145929227
11 12
    -1.070721191705413    -0.000000000009264    -0.000000000009657
    -0.000000000020945     0.038520415782007    -0.003545289045417
    -0.000000000025598    -0.003545289043904     0.041027313706145
11 13
    -0.238789986096047     0.480315705507771     0.003070310370100
     0.480315705505080    -0.793410789805796     0.001772644530270
     0.003070310367643     0.001772644535656     0.041027313709407
11 14
    -0.238789986084498    -0.480315705510758    -0.003070310374496
    -0.480315705501755    -0.793410789843312     0.001772644520511
    -0.003070310376049     0.001772644515697     0.041027313706443
11 15
     0.055036370353473     0.000000000001757     0.000000000001522
     0.000000000001241     0.055036370349459    -0.000000000000091
     0.000000000002077    -0.000000000001197    -0.012463305425202
11 16
     0.055036370354007     0.000000000001267    -0.000000000000964
     0.000000000003140     0.055036370350367    -0.000000000003219
     0.000000000002638    -0.000000000002302    -0.012463305426963
11 17
    -0.238789986085053    -0.480315705510625    -0.003070310372461
    -0.480315705497293    -0.793410789835364     0.001772644522804
    -0.003070310366996     0.001772644531042     0.041027313704662
11 18
    -0.238789986100660     0.480315705519524     0.003070310370496
     0.480315705519110    -0.793410789828902     0.001772644528449
     0.003070310372126     0.001772644529206     0.041027313708485
11 19
    -0.238789986099586     0.162999951554864     0.451822553180727
     0.162999951547226    -0.050573854272423    -0.260859872688286
     0.451822553181184    -0.260859872700935    -0.701809621836491
11 20
    -0.238789986088632    -0.162999951558488    -0.451822553185860
    -0.162999951549591    -0.050573854281869    -0.260859872708766
    -0.451822553183627    -0.260859872721744    -0.701809621877010
11 21
     0.055036370353735     0.000000000002965     0.000000000001377
     0.000000000002965    -0.004963341452164     0.021213101540406
     0.000000000001377     0.021213101540406     0.047536406379669
11 22
    -0.027949495640275     0.000000000000194    -0.000000000001536
     0.000000000001744    -0.012626545839122     0.010834961711573
     0.000000000001169     0.010834961712782    -0.020288020741699
11 23
     0.010036586499179     0.025980637323409     0.018371084829309
     0.025980637322994     0.040036442399634    -0.010606550773461
     0.018371084830939    -0.010606550772704     0.047536406380110
11 24
     0.010036586500616    -0.025980637319274    -0.018371084827650
    -0.025980637319043     0.040036442399958    -0.010606550772890
    -0.018371084826995    -0.010606550773322     0.047536406376133
11 25
    -0.016457283291044     0.006635031895278    -0.009383352094090
     0.006635031895205    -0.024118758190488    -0.005417480857907
    -0.009383352092322    -0.005417480859044    -0.020288020736809
11 26
     0.043534211630727    -0.000000000002948     0.000000000007544
     0.000000000001148    -0.332898052002811     0.521719745417164
     0.000000000001629     0.521719745414914    -0.701809621875809
11 27
    -0.016457283288027    -0.006635031894477     0.009383352092417
    -0.006635031895085    -0.024118758192635    -0.005417480860622
     0.009383352094882    -0.005417480859908    -0.020288020740705
12 1
    -0.238789986091731     0.162999951547114     0.451822553185216
     0.162999951552681    -0.050573854271984    -0.260859872706584
     0.451822553167137    -0.260859872686526    -0.701809621849754
12 2
     0.055036370352090     0.000000000001672    -0.000000000000628
     0.000000000002840    -0.004963341449011     0.021213101541451
    -0.000000000001338     0.021213101541479     0.047536406376535
12 3
    -0.238789986089408    -0.162999951550407    -0.451822553184457
    -0.162999951557967    -0.050573854281219    -0.260859872723505
    -0.451822553185654    -0.260859872707505    -0.701809621877415
12 4
    -0.016457283288938     0.006635031896436    -0.009383352097568
     0.006635031896304    -0.024118758189755    -0.005417480854188
    -0.009383352098091    -0.005417480854245    -0.020288020744002
12 5
    -0.016457283288607    -0.006635031896289     0.009383352092384
    -0.006635031897232    -0.024118758189603    -0.005417480854680
     0.009383352091166    -0.005417480855292    -0.020288020742513
12 6
     0.043534211628671    -0.000000000004405     0.000000000005237
     0.000000000004880    -0.332898051997272     0.521719745433364
    -0.000000000007093     0.521719745412800    -0.701809621897922
12 7
    -0.027949495641984     0.000000000000617    -0.000000000003878
     0.000000000000391    -0.012626545837078     0.010834961717765
    -0.000000000004277     0.010834961717134    -0.020288020744281
12 8
     0.010036586499504    -0.025980637320299    -0.018371084830745
    -0.025980637320845     0.040036442400733    -0.010606550771978
    -0.018371084829297    -0.010606550771000     0.047536406377388
12 9
     0.010036586500689     0.025980637319977     0.018371084827309
     0.025980637319585     0.040036442403896    -0.010606550769654
     0.018371084826338    -0.010606550770564     0.047536406377519
12 10
    -1.070721191723793    -0.000000000023560    -0.000000000026593
    -0.000000000032344     0.038520415783390    -0.003545289043670
    -0.000000000015804    -0.003545289043341     0.041027313705136
12 11
    -1.070721191705413    -0.000000000020945    -0.000000000025598
    -0.000000000009264     0.038520415782007    -0.003545289043904
    -0.000000000009657    -0.003545289045417     0.041027313706145
12 12
     3.826130145904901     0.000000000080674     0.000000000118267
     0.000000000080674     3.826130145781596    -0.000000000069132
     0.000000000118267    -0.000000000069132     3.826130146091338
12 13
     0.055036370350729     0.000000000000464    -0.000000000000725
     0.000000000000469     0.055036370353666     0.000000000000755
    -0.000000000001767    -0.000000000001915    -0.012463305426177
12 14
    -0.238789986085454     0.480315705489795     0.003070310358825
     0.480315705496997    -0.793410789787472     0.001772644544766
     0.003070310365868     0.001772644532422     0.041027313703944
12 15
    -0.238789986089285    -0.480315705505765    -0.003070310374198
    -0.480315705516556    -0.793410789843512     0.001772644525321
    -0.003070310367083     0.001772644538491     0.041027313704186
12 16
    -0.238789986084455     0.480315705488828     0.003070310358659
     0.480315705498714    -0.793410789787640     0.001772644545658
     0.003070310366566     0.001772644533020     0.041027313703384
12 17
     0.055036370351296     0.000000000001229     0.000000000000710
     0.000000000001293     0.055036370352784     0.000000000000538
    -0.000000000001631    -0.000000000001383    -0.012463305432065
12 18
    -0.238789986086287    -0.480315705496700    -0.003070310374653
    -0.480315705510758    -0.793410789835422     0.001772644523361
    -0.003070310374655     0.001772644522493     0.041027313705651
12 19
     0.055036370351061    -0.000000000000857    -0.000000000000268
     0.000000000001580    -0.004963341447814     0.021213101543079
    -0.000000000001606     0.021213101542479     0.047536406375800
12 20
    -0.238789986081336     0.162999951541324     0.451822553167672
     0.162999951541324    -0.050573854264209    -0.260859872688245
     0.451822553167672    -0.260859872688245    -0.701809621859104
12 21
    -0.238789986088632    -0.162999951549591    -0.451822553183627
    -0.162999951558488    -0.050573854281869    -0.260859872721744
    -0.451822553185860    -0.260859872708766    -0.701809621877010
12 22
     0.010036586501096    -0.025980637320021    -0.018371084831801
    -0.025980637318715     0.040036442400410    -0.010606550773087
    -0.018371084830836    -0.010606550773700     0.047536406374310
12 23
    -0.027949495643451     0.000000000001359    -0.000000000001937
     0.000000000001398    -0.012626545837647     0.010834961714507
    -0.000000000001918     0.010834961713247    -0.020288020742008
12 24
     0.010036586499304     0.025980637320359     0.018371084827992
     0.025980637320256     0.040036442403708    -0.010606550769680
     0.018371084827510    -0.010606550772050     0.047536406374449
12 25
    -0.016457283291796    -0.006635031897547     0.009383352091837
    -0.006635031897412    -0.024118758187974    -0.005417480855156
     0.009383352091112    -0.005417480857980    -0.020288020740277
12 26
    -0.016457283288187     0.006635031895090    -0.009383352095325
     0.006635031894914    -0.024118758191048    -0.005417480854388
    -0.009383352096771    -0.005417480855722    -0.020288020743809
12 27
     0.043534211629416     0.000000000001446    -0.000000000002107
     0.000000000005280    -0.332898051981661     0.521719745409032
    -0.000000000008296     0.521719745409219    -0.701809621899449
13 1
     0.010036586497025     0.025980637319652     0.018371084828433
     0.025980637321983     0.040036442402410    -0.010606550774360
     0.018371084831020    -0.010606550769890     0.047536406381020
13 2
    -0.027949495645419    -0.000000000001868     0.000000000000414
    -0.000000000000054    -0.012626545836758     0.010834961710825
     0.000000000000184     0.010834961715065    -0.020288020737342
13 3
     0.010036586498091    -0.025980637321365    -0.018371084827961
    -0.025980637320200     0.040036442401098    -0.010606550775615
    -0.018371084828878    -0.010606550771412     0.047536406380041
13 4
    -0.238789986096372    -0.162999951558735    -0.451822553177602
    -0.162999951554650    -0.050573854280852    -0.260859872702647
    -0.451822553191586    -0.260859872715366    -0.701809621861957
13 5
    -0.238789986094600     0.162999951541812     0.451822553171345
     0.162999951541319    -0.050573854263805    -0.260859872680852
     0.451822553180840    -0.260859872684884    -0.701809621836911
13 6
     0.055036370350118    -0.000000000001175     0.000000000000669
    -0.000000000001161    -0.004963341450095     0.021213101542182
     0.000000000001583     0.021213101545871     0.047536406379900
13 7
     0.043534211627832     0.000000000004995    -0.000000000006617
    -0.000000000004460    -0.332898051997197     0.521719745418902
     0.000000000006012     0.521719745414676    -0.701809621876947
13 8
    -0.016457283291761     0.006635031892356    -0.009383352093770
     0.006635031892924    -0.024118758190154    -0.005417480856772
    -0.009383352093394    -0.005417480853714    -0.020288020737239
13 9
    -0.016457283291286    -0.006635031898164     0.009383352094392
    -0.006635031899242    -0.024118758190076    -0.005417480856265
     0.009383352093899    -0.005417480854053    -0.020288020737885
13 10
    -0.238789986111319    -0.480315705530072    -0.003070310372078
    -0.480315705528428    -0.793410789841219     0.001772644523636
    -0.003070310372812     0.001772644526821     0.041027313708234
13 11
    -0.238789986096047     0.480315705505080     0.003070310367643
     0.480315705507771    -0.793410789805796     0.001772644535656
     0.003070310370100     0.001772644530270     0.041027313709407
13 12
     0.055036370350729     0.000000000000469    -0.000000000001767
     0.000000000000464     0.055036370353666    -0.000000000001915
    -0.000000000000725     0.000000000000755    -0.012463305426177
13 13
     3.826130146034398     0.000000000148944     0.000000000041428
     0.000000000148944     3.826130145825756    -0.000000000037974
     0.000000000041428    -0.000000000037974     3.826130145921282
13 14
    -1.070721191717081    -0.000000000033243    -0.000000000014477
    -0.000000000027455     0.038520415782197    -0.003545289046310
    -0.000000000018957    -0.003545289043988     0.041027313707241
13 15
    -1.070721191715900    -0.000000000033703    -0.000000000012595
    -0.000000000028410     0.038520415780963    -0.003545289043410
    -0.000000000009655    -0.003545289041907     0.041027313707812
13 16
    -0.238789986099511    -0.480315705512737    -0.003070310373544
    -0.480315705525508    -0.793410789839953     0.001772644523349
    -0.003070310376641     0.001772644517927     0.041027313706496
13 17
     0.055036370350029     0.000000000000024     0.000000000002205
     0.000000000000082     0.055036370352858    -0.000000000000917
     0.000000000000906    -0.000000000000168    -0.012463305427497
13 18
    -0.238789986097574     0.480315705505508     0.003070310366840
     0.480315705507784    -0.793410789806310     0.001772644535588
     0.003070310370926     0.001772644530960     0.041027313709131
13 19
     0.043534211626601    -0.000000000006471     0.000000000007261
    -0.000000000004828    -0.332898051983837     0.521719745399657
     0.000000000006526     0.521719745402842    -0.701809621861506
13 20
    -0.016457283291796    -0.006635031897412     0.009383352091112
    -0.006635031897547    -0.024118758187974    -0.005417480857980
     0.009383352091837    -0.005417480855156    -0.020288020740277
13 21
    -0.016457283291044     0.006635031895205    -0.009383352092322
     0.006635031895278    -0.024118758190488    -0.005417480859044
    -0.009383352094090    -0.005417480857907    -0.020288020736809
13 22
    -0.238789986095640    -0.162999951560220    -0.451822553178581
    -0.162999951562791    -0.050573854286456    -0.260859872719949
    -0.451822553198889    -0.260859872722983    -0.701809621876697
13 23
     0.055036370350072     0.000000000001710     0.000000000000892
     0.000000000000333    -0.004963341450364     0.021213101540946
     0.000000000001379     0.021213101542494     0.047536406379918
13 24
    -0.238789986099869     0.162999951544449     0.451822553178831
     0.162999951544584    -0.050573854265228    -0.260859872685114
     0.451822553189853    -0.260859872690982    -0.701809621853675
13 25
     0.010036586496337     0.025980637318422     0.018371084828852
     0.025980637318422     0.040036442404908    -0.010606550770638
     0.018371084828852    -0.010606550770638     0.047536406381951
13 26
     0.010036586498620    -0.025980637321294    -0.018371084827504
    -0.025980637322326     0.040036442399190    -0.010606550772314
    -0.018371084828792    -0.010606550770716     0.047536406378965
13 27
    -0.027949495644632    -0.000000000002169    -0.000000000001501
    -0.000000000002826    -0.012626545836484     0.010834961711338
    -0.000000000000925     0.010834961714058    -0.020288020740480
14 1
     0.010036586499911    -0.025980637320129    -0.018371084829934
    -0.025980637318232     0.040036442398811    -0.010606550776062
    -0.018371084827475    -0.010606550773944     0.047536406377456
14 2
     0.010036586500149     0.025980637320131     0.018371084829203
     0.025980637322680     0.040036442401359    -0.010606550775036
     0.018371084827783    -0.010606550772737     0.047536406378089
14 3
    -0.027949495642049    -0.000000000000789    -0.000000000000358
     0.000000000001683    -0.012626545838303     0.010834961710423
    -0.000000000001164     0.010834961711942    -0.020288020741544
14 4
     0.055036370352156     0.000000000001735    -0.000000000000542
     0.000000000001523    -0.004963341451459     0.021213101542843
    -0.000000000001043     0.021213101543652     0.047536406375513
14 5
    -0.238789986085570    -0.162999951558389    -0.451822553184051
    -0.162999951553877    -0.050573854284023    -0.260859872715087
    -0.451822553180158    -0.260859872719842    -0.701809621880215
14 6
    -0.238789986085962     0.162999951546383     0.451822553180632
     0.162999951538370    -0.050573854268877    -0.260859872687317
     0.451822553168431    -0.260859872694356    -0.701809621855699
14 7
    -0.016457283288115    -0.006635031895602     0.009383352091957
    -0.006635031895584    -0.024118758192322    -0.005417480856674
     0.009383352091236    -0.005417480856063    -0.020288020742835
14 8
     0.043534211628883    -0.000000000005056     0.000000000006404
     0.000000000000394    -0.332898051995637     0.521719745427576
     0.000000000000263     0.521719745406825    -0.701809621891910
14 9
    -0.016457283287945     0.006635031894023    -0.009383352094073
     0.006635031894328    -0.024118758191041    -0.005417480857391
    -0.009383352095528    -0.005417480857570    -0.020288020742637
14 10
     0.055036370351204    -0.000000000000846     0.000000000000726
     0.000000000001496     0.055036370351678    -0.000000000002448
    -0.000000000000860    -0.000000000002122    -0.012463305427365
14 11
    -0.238789986084498    -0.480315705501755    -0.003070310376049
    -0.480315705510758    -0.793410789843312     0.001772644515697
    -0.003070310374496     0.001772644520511     0.041027313706443
14 12
    -0.238789986085454     0.480315705496997     0.003070310365868
     0.480315705489795    -0.793410789787472     0.001772644532422
     0.003070310358825     0.001772644544766     0.041027313703944
14 13
    -1.070721191717081    -0.000000000027455    -0.000000000018957
    -0.000000000033243     0.038520415782197    -0.003545289043988
    -0.000000000014477    -0.003545289046310     0.041027313707241
14 14
     3.826130145858948     0.000000000106841     0.000000000074044
     0.000000000106841     3.826130145824791     0.000000000008057
     0.000000000074044     0.000000000008057     3.826130146092295
14 15
    -1.070721191687883    -0.000000000026542    -0.000000000018063
    -0.000000000027037     0.038520415779340    -0.003545289043817
    -0.000000000010644    -0.003545289044637     0.041027313704948
14 16
    -0.238789986080830     0.480315705490155     0.003070310366650
     0.480315705492839    -0.793410789792644     0.001772644532043
     0.003070310367513     0.001772644531749     0.041027313703862
14 17
    -0.238789986089923    -0.480315705509489    -0.003070310376251
    -0.480315705505161    -0.793410789830869     0.001772644516912
    -0.003070310369232     0.001772644529964     0.041027313702431
14 18
     0.055036370351481     0.000000000001850     0.000000000001137
     0.000000000002248     0.055036370350022    -0.000000000002967
     0.000000000000027    -0.000000000003421    -0.012463305426679
14 19
    -0.016457283290802     0.006635031892387    -0.009383352094721
     0.006635031894652    -0.024118758189811    -0.005417480859494
    -0.009383352095590    -0.005417480858555    -0.020288020742135
14 20
     0.043534211629416     0.000000000005280    -0.000000000008296
     0.000000000001446    -0.332898051981661     0.521719745409219
    -0.000000000002107     0.521719745409032    -0.701809621899449
14 21
    -0.016457283288027    -0.006635031895085     0.009383352094882
    -0.006635031894477    -0.024118758192635    -0.005417480859908
     0.009383352092417    -0.005417480860622    -0.020288020740705
14 22
    -0.238789986080830     0.162999951544806     0.451822553173947
     0.162999951547490    -0.050573854273096    -0.260859872700317
     0.451822553174811    -0.260859872700611    -0.701809621869777
14 23
    -0.238789986086025    -0.162999951556605    -0.451822553183264
    -0.162999951556169    -0.050573854287896    -0.260859872723607
    -0.451822553177679    -0.260859872720448    -0.701809621876809
14 24
     0.055036370351438     0.000000000000452     0.000000000001265
     0.000000000001200    -0.004963341449631     0.021213101541712
    -0.000000000000095     0.021213101541006     0.047536406373593
14 25
    -0.027949495644632    -0.000000000002826    -0.000000000000925
    -0.000000000002169    -0.012626545836484     0.010834961714058
    -0.000000000001501     0.010834961711338    -0.020288020740480
14 26
     0.010036586501506     0.025980637319706     0.018371084829309
     0.025980637319902     0.040036442400215    -0.010606550771195
     0.018371084827239    -0.010606550771949     0.047536406377078
14 27
     0.010036586500535    -0.025980637320178    -0.018371084830539
    -0.025980637320178     0.040036442398762    -0.010606550775653
    -0.018371084830539    -0.010606550775653     0.047536406375347
15 1
    -0.027949495642252    -0.000000000000522    -0.000000000000320
     0.000000000001092    -0.012626545841296     0.010834961713570
     0.000000000003113     0.010834961716317    -0.020288020740202
15 2
     0.010036586501258    -0.025980637320835    -0.018371084827895
    -0.025980637318639     0.040036442398492    -0.010606550773940
    -0.018371084827525    -0.010606550771334     0.047536406377977
15 3
     0.010036586500511     0.025980637319908     0.018371084828946
     0.025980637322262     0.040036442400306    -0.010606550773106
     0.018371084829596    -0.010606550770051     0.047536406378567
15 4
    -0.238789986084884     0.162999951538893     0.451822553167697
     0.162999951543484    -0.050573854267456    -0.260859872684789
     0.451822553171213    -0.260859872677591    -0.701809621840896
15 5
     0.055036370352791    -0.000000000000047     0.000000000001001
    -0.000000000000283    -0.004963341453092     0.021213101544906
     0.000000000001223     0.021213101545517     0.047536406376290
15 6
    -0.238789986082151    -0.162999951552678    -0.451822553172933
    -0.162999951552031    -0.050573854282245    -0.260859872706732
    -0.451822553171014    -0.260859872705130    -0.701809621860034
15 7
    -0.016457283287685     0.006635031895563    -0.009383352095255
     0.006635031895607    -0.024118758193847    -0.005417480853436
    -0.009383352094331    -0.005417480852159    -0.020288020742036
15 8
    -0.016457283288476    -0.006635031898317     0.009383352093983
    -0.006635031897669    -0.024118758194556    -0.005417480853947
     0.009383352095902    -0.005417480852344    -0.020288020739766
15 9
     0.043534211630155    -0.000000000004531     0.000000000007229
    -0.000000000004767    -0.332898052011686     0.521719745430420
     0.000000000007451     0.521719745431032    -0.701809621893174
15 10
    -0.238789986086105     0.480315705501679     0.003070310361132
     0.480315705488215    -0.793410789800744     0.001772644547125
     0.003070310366856     0.001772644539293     0.041027313706012
15 11
     0.055036370353473     0.000000000001241     0.000000000002077
     0.000000000001757     0.055036370349459    -0.000000000001197
     0.000000000001522    -0.000000000000091    -0.012463305425202
15 12
    -0.238789986089285    -0.480315705516556    -0.003070310367083
    -0.480315705505765    -0.793410789843512     0.001772644538491
    -0.003070310374198     0.001772644525321     0.041027313704186
15 13
    -1.070721191715900    -0.000000000028410    -0.000000000009655
    -0.000000000033703     0.038520415780963    -0.003545289041907
    -0.000000000012595    -0.003545289043410     0.041027313707812
15 14
    -1.070721191687883    -0.000000000027037    -0.000000000010644
    -0.000000000026542     0.038520415779340    -0.003545289044637
    -0.000000000018063    -0.003545289043817     0.041027313704948
15 15
     3.826130145855080     0.000000000111368     0.000000000014552
     0.000000000111368     3.826130145926241    -0.000000000138598
     0.000000000014552    -0.000000000138598     3.826130145994121
15 16
     0.055036370353744    -0.000000000000001    -0.000000000000907
     0.000000000002386     0.055036370349304    -0.000000000001398
     0.000000000002140     0.000000000000625    -0.012463305429149
15 17
    -0.238789986085603     0.480315705503298     0.003070310361758
     0.480315705488248    -0.793410789801070     0.001772644548177
     0.003070310367562     0.001772644538280     0.041027313703009
15 18
    -0.238789986085678    -0.480315705508246    -0.003070310364666
    -0.480315705511515    -0.793410789856924     0.001772644538209
    -0.003070310371782     0.001772644524171     0.041027313706656
15 19
    -0.016457283290535    -0.006635031899560     0.009383352094385
    -0.006635031897075    -0.024118758192590    -0.005417480855745
     0.009383352094365    -0.005417480854161    -0.020288020740244
15 20
    -0.016457283288187     0.006635031894914    -0.009383352096771
     0.006635031895090    -0.024118758191048    -0.005417480855722
    -0.009383352095325    -0.005417480854388    -0.020288020743809
15 21
     0.043534211630727     0.000000000001148     0.000000000001629
    -0.000000000002948    -0.332898052002811     0.521719745414914
     0.000000000007544     0.521719745417164    -0.701809621875809
15 22
     0.055036370353744    -0.000000000000177    -0.000000000000658
     0.000000000001996    -0.004963341452982     0.021213101543139
     0.000000000001915     0.021213101543327     0.047536406375046
15 23
    -0.238789986094922     0.162999951544803     0.451822553183987
     0.162999951553928    -0.050573854273930    -0.260859872703005
     0.451822553175152    -0.260859872681771    -0.701809621843161
15 24
    -0.238789986081834    -0.162999951551533    -0.451822553170967
    -0.162999951550967    -0.050573854281246    -0.260859872706303
    -0.451822553178012    -0.260859872710868    -0.701809621874676
15 25
     0.010036586498620    -0.025980637322326    -0.018371084828792
    -0.025980637321294     0.040036442399190    -0.010606550770716
    -0.018371084827504    -0.010606550772314     0.047536406378965
15 26
    -0.027949495640226    -0.000000000001940     0.000000000000931
    -0.000000000001940    -0.012626545842477     0.010834961718176
     0.000000000000931     0.010834961718176    -0.020288020742510
15 27
     0.010036586501506     0.025980637319902     0.018371084827239
     0.025980637319706     0.040036442400215    -0.010606550771949
     0.018371084829309    -0.010606550771195     0.047536406377078
16 1
     0.043534211629757     0.000000000002744     0.000000000000492
     0.000000000001620    -0.332898051986245     0.521719745411346
     0.000000000001180     0.521719745394378    -0.701809621876302
16 2
    -0.016457283287803     0.006635031897060    -0.009383352093350
     0.006635031896407    -0.024118758191699    -0.005417480861034
    -0.009383352095080    -0.005417480858826    -0.020288020742123
16 3
    -0.016457283287803    -0.006635031894184     0.009383352094750
    -0.006635031894922    -0.024118758192153    -0.005417480861071
     0.009383352092458    -0.005417480858468    -0.020288020741669
16 4
     0.010036586501875     0.025980637322124     0.018371084828541
     0.025980637320081     0.040036442401162    -0.010606550770652
     0.018371084826039    -0.010606550769372     0.047536406376624
16 5
    -0.027949495640164    -0.000000000000130     0.000000000000464
    -0.000000000002676    -0.012626545838375     0.010834961715408
    -0.000000000001757     0.010834961714905    -0.020288020743462
16 6
     0.010036586500941    -0.025980637319706    -0.018371084828951
    -0.025980637321558     0.040036442398746    -0.010606550773052
    -0.018371084828468    -0.010606550771462     0.047536406377306
16 7
    -0.238789986088103    -0.162999951557686    -0.451822553190228
    -0.162999951551030    -0.050573854283387    -0.260859872709773
    -0.451822553183904    -0.260859872719459    -0.701809621886422
16 8
    -0.238789986084963     0.162999951548101     0.451822553181330
     0.162999951537403    -0.050573854269046    -0.260859872686718
     0.451822553168266    -0.260859872693464    -0.701809621856258
16 9
     0.055036370353324     0.000000000001851     0.000000000001562
    -0.000000000000559    -0.004963341450935     0.021213101542877
    -0.000000000000789     0.021213101543300     0.047536406375740
16 10
    -0.238789986099179    -0.480315705526207    -0.003070310376287
    -0.480315705511792    -0.793410789840420     0.001772644516396
    -0.003070310373924     0.001772644525003     0.041027313704831
16 11
     0.055036370354007     0.000000000003140     0.000000000002638
     0.000000000001267     0.055036370350367    -0.000000000002302
    -0.000000000000964    -0.000000000003219    -0.012463305426963
16 12
    -0.238789986084455     0.480315705498714     0.003070310366566
     0.480315705488828    -0.793410789787640     0.001772644533020
     0.003070310358659     0.001772644545658     0.041027313703384
16 13
    -0.238789986099511    -0.480315705525508    -0.003070310376641
    -0.480315705512737    -0.793410789839953     0.001772644517927
    -0.003070310373544     0.001772644523349     0.041027313706496
16 14
    -0.238789986080830     0.480315705492839     0.003070310367513
     0.480315705490155    -0.793410789792644     0.001772644531749
     0.003070310366650     0.001772644532043     0.041027313703862
16 15
     0.055036370353744     0.000000000002386     0.000000000002140
    -0.000000000000001     0.055036370349304     0.000000000000625
    -0.000000000000907    -0.000000000001398    -0.012463305429149
16 16
     3.826130145860946     0.000000000107591     0.000000000074577
     0.000000000107591     3.826130145824453     0.000000000009548
     0.000000000074577     0.000000000009548     3.826130146091174
16 17
    -1.070721191695809    -0.000000000024781    -0.000000000017171
    -0.000000000022008     0.038520415781256    -0.003545289043806
    -0.000000000006461    -0.003545289044900     0.041027313702057
16 18
    -1.070721191698897    -0.000000000023394    -0.000000000017713
    -0.000000000010172     0.038520415779664    -0.003545289045221
    -0.000000000008050    -0.003545289045150     0.041027313705749
16 19
     0.010036586500072     0.025980637320424     0.018371084829900
     0.025980637319118     0.040036442402453    -0.010606550772016
     0.018371084826955    -0.010606550770888     0.047536406377051
16 20
     0.010036586501096    -0.025980637318715    -0.018371084830836
    -0.025980637320021     0.040036442400410    -0.010606550773700
    -0.018371084831801    -0.010606550773087     0.047536406374310
16 21
    -0.027949495640275     0.000000000001744     0.000000000001169
     0.000000000000194    -0.012626545839122     0.010834961712782
    -0.000000000001536     0.010834961711573    -0.020288020741699
16 22
     0.043534211631627     0.000000000001545    -0.000000000000408
     0.000000000001545    -0.332898051980364     0.521719745404734
    -0.000000000000408     0.521719745404734    -0.701809621894556
16 23
    -0.016457283288554    -0.006635031892940     0.009383352094776
    -0.006635031895430    -0.024118758193318    -0.005417480859377
     0.009383352093077    -0.005417480859040    -0.020288020741541
16 24
    -0.016457283288317     0.006635031896292    -0.009383352092668
     0.006635031894287    -0.024118758189979    -0.005417480857423
    -0.009383352094975    -0.005417480858632    -0.020288020747010
16 25
    -0.238789986095640    -0.162999951562791    -0.451822553198889
    -0.162999951560220    -0.050573854286456    -0.260859872722983
    -0.451822553178581    -0.260859872719949    -0.701809621876697
16 26
     0.055036370353744     0.000000000001996     0.000000000001915
    -0.000000000000177    -0.004963341452982     0.021213101543327
    -0.000000000000658     0.021213101543139     0.047536406375046
16 27
    -0.238789986080830     0.162999951547490     0.451822553174811
     0.162999951544806    -0.050573854273096    -0.260859872700611
     0.451822553173947    -0.260859872700317    -0.701809621869777
17 1
    -0.016457283290884    -0.006635031894920     0.009383352094716
    -0.006635031894101    -0.024118758191470    -0.005417480859771
     0.009383352097365    -0.005417480856376    -0.020288020742703
17 2
     0.043534211628566     0.000000000000799     0.000000000001237
    -0.000000000002382    -0.332898051987751     0.521719745415381
     0.000000000007945     0.521719745400408    -0.701809621883330
17 3
    -0.016457283290001     0.006635031895936    -0.009383352092750
     0.006635031897288    -0.024118758190303    -0.005417480860120
    -0.009383352092173    -0.005417480856704    -0.020288020743194
17 4
     0.010036586499820    -0.025980637319087    -0.018371084828834
    -0.025980637319732     0.040036442400294    -0.010606550771499
    -0.018371084828391    -0.010606550769807     0.047536406374363
17 5
     0.010036586499644     0.025980637319629     0.018371084829740
     0.025980637319339     0.040036442403068    -0.010606550771039
     0.018371084829251    -0.010606550769579     0.047536406375873
17 6
    -0.027949495643313    -0.000000000001978     0.000000000000674
    -0.000000000001904    -0.012626545837998     0.010834961716070
     0.000000000002241     0.010834961717671    -0.020288020743766
17 7
     0.055036370351314     0.000000000001965    -0.000000000000007
     0.000000000001004    -0.004963341450603     0.021213101544229
     0.000000000000852     0.021213101545744     0.047536406373491
17 8
    -0.238789986083052    -0.162999951551827    -0.451822553178958
    -0.162999951551744    -0.050573854280004    -0.260859872711526
    -0.451822553169995    -0.260859872705358    -0.701809621872934
17 9
    -0.238789986093766     0.162999951542791     0.451822553183455
     0.162999951542162    -0.050573854264642    -0.260859872687138
     0.451822553181928    -0.260859872685301    -0.701809621861041
17 10
    -0.238789986091794     0.480315705494033     0.003070310367124
     0.480315705495618    -0.793410789784464     0.001772644536520
     0.003070310367044     0.001772644538585     0.041027313703720
17 11
    -0.238789986085053    -0.480315705497293    -0.003070310366996
    -0.480315705510625    -0.793410789835364     0.001772644531042
    -0.003070310372461     0.001772644522804     0.041027313704662
17 12
     0.055036370351296     0.000000000001293    -0.000000000001631
     0.000000000001229     0.055036370352784    -0.000000000001383
     0.000000000000710     0.000000000000538    -0.012463305432065
17 13
     0.055036370350029     0.000000000000082     0.000000000000906
     0.000000000000024     0.055036370352858    -0.000000000000168
     0.000000000002205    -0.000000000000917    -0.012463305427497
17 14
    -0.238789986089923    -0.480315705505161    -0.003070310369232
    -0.480315705509489    -0.793410789830869     0.001772644529964
    -0.003070310376251     0.001772644516912     0.041027313702431
17 15
    -0.238789986085603     0.480315705488248     0.003070310367562
     0.480315705503298    -0.793410789801070     0.001772644538280
     0.003070310361758     0.001772644548177     0.041027313703009
17 16
    -1.070721191695809    -0.000000000022008    -0.000000000006461
    -0.000000000024781     0.038520415781256    -0.003545289044900
    -0.000000000017171    -0.003545289043806     0.041027313702057
17 17
     3.826130145903502     0.000000000074306    -0.000000000011384
     0.000000000074306     3.826130145779979    -0.000000000069058
    -0.000000000011384    -0.000000000069058     3.826130146088698
17 18
    -1.070721191707639    -0.000000000020071    -0.000000000004761
    -0.000000000009621     0.038520415780684    -0.003545289044895
    -0.000000000005808    -0.003545289043729     0.041027313704549
17 19
    -0.027949495645650    -0.000000000002942     0.000000000000931
    -0.000000000001589    -0.012626545835939     0.010834961713995
     0.000000000000848     0.010834961715868    -0.020288020744058
17 20
     0.010036586499304     0.025980637320256     0.018371084827510
     0.025980637320359     0.040036442403708    -0.010606550772050
     0.018371084827992    -0.010606550769680     0.047536406374449
17 21
     0.010036586500616    -0.025980637319043    -0.018371084826995
    -0.025980637319275     0.040036442399958    -0.010606550773322
    -0.018371084827650    -0.010606550772890     0.047536406376133
17 22
    -0.016457283288317     0.006635031894287    -0.009383352094975
     0.006635031896292    -0.024118758189979    -0.005417480858632
    -0.009383352092668    -0.005417480857423    -0.020288020747010
17 23
     0.043534211627815     0.000000000002043     0.000000000001263
    -0.000000000002890    -0.332898051988916     0.521719745417075
     0.000000000008564     0.521719745399836    -0.701809621883201
17 24
    -0.016457283290839    -0.006635031896156     0.009383352096120
    -0.006635031896156    -0.024118758189110    -0.005417480856209
     0.009383352096120    -0.005417480856209    -0.020288020747878
17 25
    -0.238789986099869     0.162999951544584     0.451822553189853
     0.162999951544449    -0.050573854265228    -0.260859872690982
     0.451822553178831    -0.260859872685114    -0.701809621853675
17 26
    -0.238789986081834    -0.162999951550967    -0.451822553178012
    -0.162999951551533    -0.050573854281247    -0.260859872710868
    -0.451822553170967    -0.260859872706303    -0.701809621874676
17 27
     0.055036370351438     0.000000000001200    -0.000000000000095
     0.000000000000452    -0.004963341449631     0.021213101541006
     0.000000000001265     0.021213101541712     0.047536406373593
18 1
    -0.016457283290959     0.006635031898052    -0.009383352093011
     0.006635031899321    -0.024118758193958    -0.005417480860654
    -0.009383352090944    -0.005417480858571    -0.020288020737923
18 2
    -0.016457283290239    -0.006635031893900     0.009383352095469
    -0.006635031892148    -0.024118758193457    -0.005417480860791
     0.009383352094875    -0.005417480858526    -0.020288020737911
18 3
     0.043534211628577     0.000000000001784     0.000000000001588
     0.000000000003536    -0.332898051991753     0.521719745400136
     0.000000000000995     0.521719745402401    -0.701809621858430
18 4
    -0.027949495642871     0.000000000001977    -0.000000000000546
     0.000000000001713    -0.012626545840337     0.010834961715809
    -0.000000000000963     0.010834961716438    -0.020288020740422
18 5
     0.010036586500087    -0.025980637319292    -0.018371084827258
    -0.025980637319973     0.040036442399374    -0.010606550772356
    -0.018371084828000    -0.010606550772085     0.047536406378799
18 6
     0.010036586498542     0.025980637320894     0.018371084829269
     0.025980637320941     0.040036442400383    -0.010606550771281
     0.018371084829944    -0.010606550770467     0.047536406380437
18 7
    -0.238789986092149     0.162999951552769     0.451822553167925
     0.162999951548236    -0.050573854274074    -0.260859872685809
     0.451822553180276    -0.260859872699846    -0.701809621838393
18 8
     0.055036370350728     0.000000000000521     0.000000000001176
     0.000000000001913    -0.004963341452923     0.021213101542265
     0.000000000001603     0.021213101544406     0.047536406379099
18 9
    -0.238789986082226    -0.162999951554637    -0.451822553169991
    -0.162999951550561    -0.050573854283266    -0.260859872706969
    -0.451822553171683    -0.260859872714883    -0.701809621856981
18 10
     0.055036370350405     0.000000000000255     0.000000000001632
     0.000000000002200     0.055036370351150    -0.000000000001877
     0.000000000001155    -0.000000000001096    -0.012463305424255
18 11
    -0.238789986100660     0.480315705519110     0.003070310372126
     0.480315705519524    -0.793410789828902     0.001772644529206
     0.003070310370496     0.001772644528449     0.041027313708485
18 12
    -0.238789986086287    -0.480315705510758    -0.003070310374655
    -0.480315705496700    -0.793410789835422     0.001772644522493
    -0.003070310374653     0.001772644523361     0.041027313705651
18 13
    -0.238789986097574     0.480315705507784     0.003070310370926
     0.480315705505508    -0.793410789806310     0.001772644530960
     0.003070310366840     0.001772644535588     0.041027313709131
18 14
     0.055036370351481     0.000000000002248     0.000000000000027
     0.000000000001850     0.055036370350022    -0.000000000003421
     0.000000000001137    -0.000000000002967    -0.012463305426679
18 15
    -0.238789986085678    -0.480315705511515    -0.003070310371782
    -0.480315705508246    -0.793410789856924     0.001772644524171
    -0.003070310364666     0.001772644538209     0.041027313706656
18 16
    -1.070721191698897    -0.000000000010172    -0.000000000008050
    -0.000000000023394     0.038520415779664    -0.003545289045150
    -0.000000000017713    -0.003545289045221     0.041027313705749
18 17
    -1.070721191707639    -0.000000000009621    -0.000000000005808
    -0.000000000020071     0.038520415780684    -0.003545289043729
    -0.000000000004761    -0.003545289044895     0.041027313704549
18 18
     3.826130145924562     0.000000000002953     0.000000000001560
     0.000000000002953     3.826130145923374    -0.000000000001912
     0.000000000001560    -0.000000000001912     3.826130145928675
18 19
     0.010036586497673    -0.025980637321408    -0.018371084827904
    -0.025980637319176     0.040036442399466    -0.010606550773514
    -0.018371084828315    -0.010606550772267     0.047536406378504
18 20
    -0.027949495643451     0.000000000001398    -0.000000000001918
     0.000000000001359    -0.012626545837647     0.010834961713247
    -0.000000000001937     0.010834961714507    -0.020288020742008
18 21
     0.010036586499179     0.025980637322994     0.018371084830939
     0.025980637323409     0.040036442399634    -0.010606550772704
     0.018371084829309    -0.010606550773461     0.047536406380110
18 22
    -0.016457283288554    -0.006635031895430     0.009383352093077
    -0.006635031892940    -0.024118758193318    -0.005417480859040
     0.009383352094776    -0.005417480859377    -0.020288020741541
18 23
    -0.016457283290989     0.006635031898791    -0.009383352092210
     0.006635031898791    -0.024118758194354    -0.005417480859192
    -0.009383352092210    -0.005417480859192    -0.020288020738050
18 24
     0.043534211627815    -0.000000000002890     0.000000000008564
     0.000000000002043    -0.332898051988916     0.521719745399836
     0.000000000001263     0.521719745417075    -0.701809621883201
18 25
     0.055036370350072     0.000000000000333     0.000000000001379
     0.000000000001710    -0.004963341450364     0.021213101542494
     0.000000000000892     0.021213101540946     0.047536406379918
18 26
    -0.238789986094922     0.162999951553928     0.451822553175152
     0.162999951544803    -0.050573854273930    -0.260859872681771
     0.451822553183987    -0.260859872703005    -0.701809621843161
18 27
    -0.238789986086025    -0.162999951556169    -0.451822553177679
    -0.162999951556605    -0.050573854287896    -0.260859872720448
    -0.451822553183264    -0.260859872723607    -0.701809621876809
19 1
    -0.238789986092932    -0.162999951555731    -0.451822553171120
    -0.162999951560926    -0.050573854285601    -0.260859872715690
    -0.451822553183905    -0.260859872716371    -0.701809621854441
19 2
     0.055036370351156     0.000000000001411     0.000000000000486
     0.000000000000142    -0.004963341449666     0.021213101540907
     0.000000000001115     0.021213101541535     0.047536406378125
19 3
    -0.238789986100362     0.162999951546410     0.451822553180354
     0.162999951555386    -0.050573854271772    -0.260859872702696
     0.451822553180934    -0.260859872687025    -0.701809621836895
19 4
     0.010036586498805     0.025980637320368     0.018371084827467
     0.025980637319630     0.040036442402684    -0.010606550769151
     0.018371084827911    -0.010606550768998     0.047536406378194
19 5
     0.010036586498533    -0.025980637320494    -0.018371084828237
    -0.025980637323407     0.040036442400770    -0.010606550771110
    -0.018371084828568    -0.010606550772086     0.047536406377994
19 6
    -0.027949495645000    -0.000000000002696    -0.000000000000435
    -0.000000000003975    -0.012626545837933     0.010834961716660
     0.000000000001215     0.010834961716388    -0.020288020739317
19 7
     0.043534211628165     0.000000000005939    -0.000000000006997
    -0.000000000005159    -0.332898051997664     0.521719745420556
     0.000000000006367     0.521719745413145    -0.701809621878612
19 8
    -0.016457283291753    -0.006635031897934     0.009383352093419
    -0.006635031899772    -0.024118758191347    -0.005417480854819
     0.009383352095357    -0.005417480854801    -0.020288020738502
19 9
    -0.016457283290630     0.006635031894015    -0.009383352093556
     0.006635031892055    -0.024118758189816    -0.005417480854910
    -0.009383352094142    -0.005417480856028    -0.020288020739953
19 10
    -0.238789986103244    -0.162999951563595    -0.451822553186288
    -0.162999951563595    -0.050573854284855    -0.260859872715733
    -0.451822553186288    -0.260859872715733    -0.701809621855563
19 11
    -0.238789986099586     0.162999951547226     0.451822553181184
     0.162999951554864    -0.050573854272423    -0.260859872700935
     0.451822553180727    -0.260859872688286    -0.701809621836491
19 12
     0.055036370351061     0.000000000001580    -0.000000000001606
    -0.000000000000857    -0.004963341447814     0.021213101542479
    -0.000000000000268     0.021213101543079     0.047536406375800
19 13
     0.043534211626601    -0.000000000004828     0.000000000006526
    -0.000000000006471    -0.332898051983837     0.521719745402842
     0.000000000007261     0.521719745399657    -0.701809621861506
19 14
    -0.016457283290802     0.006635031894652    -0.009383352095590
     0.006635031892387    -0.024118758189811    -0.005417480858555
    -0.009383352094721    -0.005417480859494    -0.020288020742135
19 15
    -0.016457283290535    -0.006635031897075     0.009383352094365
    -0.006635031899560    -0.024118758192590    -0.005417480854161
     0.009383352094385    -0.005417480855745    -0.020288020740244
19 16
     0.010036586500072     0.025980637319118     0.018371084826955
     0.025980637320424     0.040036442402453    -0.010606550770888
     0.018371084829900    -0.010606550772016     0.047536406377051
19 17
    -0.027949495645650    -0.000000000001589     0.000000000000848
    -0.000000000002942    -0.012626545835939     0.010834961715868
     0.000000000000931     0.010834961713995    -0.020288020744058
19 18
     0.010036586497673    -0.025980637319176    -0.018371084828315
    -0.025980637321408     0.040036442399466    -0.010606550772267
    -0.018371084827904    -0.010606550773514     0.047536406378504
19 19
     3.826130146035063     0.000000000149190     0.000000000041403
     0.000000000149190     3.826130145824822    -0.000000000037851
     0.000000000041403    -0.000000000037851     3.826130145917952
19 20
    -1.070721191723793    -0.000000000032344    -0.000000000015804
    -0.000000000023560     0.038520415783390    -0.003545289043341
    -0.000000000026593    -0.003545289043670     0.041027313705136
19 21
    -1.070721191726054    -0.000000000031756    -0.000000000012519
    -0.000000000011291     0.038520415781503    -0.003545289043691
    -0.000000000007367    -0.003545289045533     0.041027313707784
19 22
    -0.238789986099179    -0.480315705511792    -0.003070310373924
    -0.480315705526207    -0.793410789840420     0.001772644525003
    -0.003070310376287     0.001772644516396     0.041027313704831
19 23
     0.055036370350405     0.000000000002200     0.000000000001155
     0.000000000000255     0.055036370351150    -0.000000000001096
     0.000000000001632    -0.000000000001877    -0.012463305424255
19 24
    -0.238789986091794     0.480315705495618     0.003070310367044
     0.480315705494033    -0.793410789784464     0.001772644538585
     0.003070310367124     0.001772644536520     0.041027313703720
19 25
    -0.238789986111319    -0.480315705528428    -0.003070310372812
    -0.480315705530072    -0.793410789841219     0.001772644526821
    -0.003070310372078     0.001772644523636     0.041027313708234
19 26
    -0.238789986086105     0.480315705488215     0.003070310366856
     0.480315705501679    -0.793410789800744     0.001772644539293
     0.003070310361132     0.001772644547125     0.041027313706012
19 27
     0.055036370351204     0.000000000001496    -0.000000000000860
    -0.000000000000846     0.055036370351678    -0.000000000002122
     0.000000000000726    -0.000000000002448    -0.012463305427365
20 1
    -0.238789986091731     0.162999951547114     0.451822553185216
     0.162999951552681    -0.050573854271984    -0.260859872706584
     0.451822553167137    -0.260859872686526    -0.701809621849754
20 2
    -0.238789986089408    -0.162999951550407    -0.451822553184457
    -0.162999951557967    -0.050573854281219    -0.260859872723505
    -0.451822553185654    -0.260859872707505    -0.701809621877415
20 3
     0.055036370352090     0.000000000001672    -0.000000000000628
     0.000000000002840    -0.004963341449011     0.021213101541451
    -0.000000000001338     0.021213101541479     0.047536406376535
20 4
    -0.027949495641984     0.000000000000617    -0.000000000003878
     0.000000000000391    -0.012626545837078     0.010834961717765
    -0.000000000004277     0.010834961717134    -0.020288020744281
20 5
     0.010036586500689     0.025980637319977     0.018371084827309
     0.025980637319585     0.040036442403896    -0.010606550769654
     0.018371084826338    -0.010606550770564     0.047536406377519
20 6
     0.010036586499504    -0.025980637320299    -0.018371084830745
    -0.025980637320845     0.040036442400733    -0.010606550771978
    -0.018371084829297    -0.010606550771000     0.047536406377388
20 7
    -0.016457283288938     0.006635031896436    -0.009383352097568
     0.006635031896304    -0.024118758189755    -0.005417480854188
    -0.009383352098091    -0.005417480854245    -0.020288020744002
20 8
     0.043534211628671    -0.000000000004405     0.000000000005237
     0.000000000004880    -0.332898051997272     0.521719745433364
    -0.000000000007093     0.521719745412800    -0.701809621897922
20 9
    -0.016457283288607    -0.006635031896289     0.009383352092384
    -0.006635031897232    -0.024118758189603    -0.005417480854680
     0.009383352091166    -0.005417480855292    -0.020288020742513
20 10
     0.055036370351061    -0.000000000000857    -0.000000000000268
     0.000000000001580    -0.004963341447814     0.021213101543079
    -0.000000000001606     0.021213101542479     0.047536406375800
20 11
    -0.238789986088632    -0.162999951549591    -0.451822553183627
    -0.162999951558488    -0.050573854281869    -0.260859872721744
    -0.451822553185860    -0.260859872708766    -0.701809621877010
20 12
    -0.238789986081336     0.162999951541324     0.451822553167672
     0.162999951541324    -0.050573854264209    -0.260859872688245
     0.451822553167672    -0.260859872688245    -0.701809621859104
20 13
    -0.016457283291796    -0.006635031897547     0.009383352091837
    -0.006635031897412    -0.024118758187974    -0.005417480855156
     0.009383352091112    -0.005417480857980    -0.020288020740277
20 14
     0.043534211629416     0.000000000001446    -0.000000000002107
     0.000000000005280    -0.332898051981661     0.521719745409032
    -0.000000000008296     0.521719745409219    -0.701809621899449
20 15
    -0.016457283288187     0.006635031895090    -0.009383352095325
     0.006635031894914    -0.024118758191048    -0.005417480854388
    -0.009383352096771    -0.005417480855722    -0.020288020743809
20 16
     0.010036586501096    -0.025980637320021    -0.018371084831801
    -0.025980637318715     0.040036442400410    -0.010606550773087
    -0.018371084830836    -0.010606550773700     0.047536406374310
20 17
     0.010036586499304     0.025980637320359     0.018371084827992
     0.025980637320256     0.040036442403708    -0.010606550769680
     0.018371084827510    -0.010606550772050     0.047536406374449
20 18
    -0.027949495643451     0.000000000001359    -0.000000000001937
     0.000000000001398    -0.012626545837647     0.010834961714507
    -0.000000000001918     0.010834961713247    -0.020288020742008
20 19
    -1.070721191723793    -0.000000000023560    -0.000000000026593
    -0.000000000032344     0.038520415783390    -0.003545289043670
    -0.000000000015804    -0.003545289043341     0.041027313705136
20 20
     3.826130145904900     0.000000000080674     0.000000000118267
     0.000000000080674     3.826130145781597    -0.000000000069133
     0.000000000118267    -0.000000000069133     3.826130146091339
20 21
    -1.070721191705413    -0.000000000020945    -0.000000000025598
    -0.000000000009264     0.038520415782007    -0.003545289043904
    -0.000000000009657    -0.003545289045417     0.041027313706145
20 22
    -0.238789986084455     0.480315705488828     0.003070310358659
     0.480315705498714    -0.793410789787640     0.001772644545658
     0.003070310366566     0.001772644533020     0.041027313703384
20 23
    -0.238789986086287    -0.480315705496700    -0.003070310374653
    -0.480315705510758    -0.793410789835422     0.001772644523361
    -0.003070310374655     0.001772644522493     0.041027313705651
20 24
     0.055036370351296     0.000000000001229     0.000000000000710
     0.000000000001293     0.055036370352784     0.000000000000538
    -0.000000000001631    -0.000000000001383    -0.012463305432065
20 25
     0.055036370350729     0.000000000000464    -0.000000000000725
     0.000000000000469     0.055036370353666     0.000000000000755
    -0.000000000001767    -0.000000000001915    -0.012463305426177
20 26
    -0.238789986089284    -0.480315705505765    -0.003070310374198
    -0.480315705516556    -0.793410789843512     0.001772644525321
    -0.003070310367083     0.001772644538491     0.041027313704186
20 27
    -0.238789986085454     0.480315705489795     0.003070310358825
     0.480315705496997    -0.793410789787472     0.001772644544766
     0.003070310365868     0.001772644532422     0.041027313703944
21 1
     0.055036370352239     0.000000000002654    -0.000000000000227
     0.000000000003508    -0.004963341452283     0.021213101538877
     0.000000000003469     0.021213101541718     0.047536406379520
21 2
    -0.238789986099909     0.162999951557423     0.451822553183363
     0.162999951558760    -0.050573854278870    -0.260859872706409
     0.451822553184399    -0.260859872703386    -0.701809621840511
21 3
    -0.238789986080403    -0.162999951554110    -0.451822553170055
    -0.162999951552773    -0.050573854285459    -0.260859872717872
    -0.451822553169019    -0.260859872714849    -0.701809621853427
21 4
     0.010036586501486    -0.025980637318460    -0.018371084829197
    -0.025980637318873     0.040036442399434    -0.010606550772313
    -0.018371084828100    -0.010606550771053     0.047536406378091
21 5
    -0.027949495641175     0.000000000000404     0.000000000000668
    -0.000000000000592    -0.012626545839130     0.010834961714555
     0.000000000001154     0.010834961715261    -0.020288020739359
21 6
     0.010036586500069     0.025980637320881     0.018371084828443
     0.025980637320513     0.040036442400898    -0.010606550771971
     0.018371084830748    -0.010606550770400     0.047536406380713
21 7
    -0.016457283288024    -0.006635031893615     0.009383352092548
    -0.006635031894204    -0.024118758193281    -0.005417480856486
     0.009383352094291    -0.005417480855161    -0.020288020739361
21 8
    -0.016457283288653     0.006635031895500    -0.009383352093681
     0.006635031895996    -0.024118758192990    -0.005417480857542
    -0.009383352091537    -0.005417480855622    -0.020288020737929
21 9
     0.043534211630307    -0.000000000003093     0.000000000007192
     0.000000000000767    -0.332898052000764     0.521719745416713
     0.000000000001498     0.521719745415075    -0.701809621875115
21 10
    -0.238789986099586     0.162999951554864     0.451822553180727
     0.162999951547226    -0.050573854272423    -0.260859872688286
     0.451822553181184    -0.260859872700935    -0.701809621836491
21 11
     0.055036370353735     0.000000000002965     0.000000000001377
     0.000000000002965    -0.004963341452164     0.021213101540406
     0.000000000001377     0.021213101540406     0.047536406379669
21 12
    -0.238789986088632    -0.162999951558488    -0.451822553185860
    -0.162999951549591    -0.050573854281869    -0.260859872708766
    -0.451822553183627    -0.260859872721744    -0.701809621877010
21 13
    -0.016457283291044     0.006635031895278    -0.009383352094090
     0.006635031895205    -0.024118758190488    -0.005417480857907
    -0.009383352092322    -0.005417480859044    -0.020288020736809
21 14
    -0.016457283288027    -0.006635031894477     0.009383352092417
    -0.006635031895085    -0.024118758192635    -0.005417480860622
     0.009383352094882    -0.005417480859908    -0.020288020740705
21 15
     0.043534211630727    -0.000000000002948     0.000000000007544
     0.000000000001148    -0.332898052002811     0.521719745417164
     0.000000000001629     0.521719745414914    -0.701809621875809
21 16
    -0.027949495640275     0.000000000000194    -0.000000000001536
     0.000000000001744    -0.012626545839122     0.010834961711573
     0.000000000001169     0.010834961712782    -0.020288020741699
21 17
     0.010036586500616    -0.025980637319275    -0.018371084827650
    -0.025980637319043     0.040036442399958    -0.010606550772890
    -0.018371084826995    -0.010606550773322     0.047536406376133
21 18
     0.010036586499179     0.025980637323409     0.018371084829309
     0.025980637322994     0.040036442399634    -0.010606550773461
     0.018371084830939    -0.010606550772704     0.047536406380110
21 19
    -1.070721191726054    -0.000000000011291    -0.000000000007367
    -0.000000000031756     0.038520415781503    -0.003545289045533
    -0.000000000012519    -0.003545289043691     0.041027313707784
21 20
    -1.070721191705413    -0.000000000009264    -0.000000000009657
    -0.000000000020945     0.038520415782007    -0.003545289045417
    -0.000000000025598    -0.003545289043904     0.041027313706145
21 21
     3.826130145927616     0.000000000002511     0.000000000001538
     0.000000000002511     3.826130145924404    -0.000000000002535
     0.000000000001538    -0.000000000002535     3.826130145929227
21 22
     0.055036370354007     0.000000000001267    -0.000000000000964
     0.000000000003140     0.055036370350367    -0.000000000003219
     0.000000000002638    -0.000000000002302    -0.012463305426963
21 23
    -0.238789986100660     0.480315705519524     0.003070310370496
     0.480315705519110    -0.793410789828902     0.001772644528449
     0.003070310372126     0.001772644529206     0.041027313708485
21 24
    -0.238789986085053    -0.480315705510625    -0.003070310372461
    -0.480315705497293    -0.793410789835364     0.001772644522804
    -0.003070310366996     0.001772644531042     0.041027313704662
21 25
    -0.238789986096047     0.480315705507771     0.003070310370100
     0.480315705505080    -0.793410789805796     0.001772644530270
     0.003070310367643     0.001772644535656     0.041027313709407
21 26
     0.055036370353473     0.000000000001757     0.000000000001522
     0.000000000001241     0.055036370349459    -0.000000000000091
     0.000000000002077    -0.000000000001197    -0.012463305425203
21 27
    -0.238789986084498    -0.480315705510758    -0.003070310374496
    -0.480315705501755    -0.793410789843312     0.001772644520511
    -0.003070310376049     0.001772644515697     0.041027313706443
22 1
     0.043534211629757     0.000000000002744     0.000000000000492
     0.000000000001620    -0.332898051986245     0.521719745411346
     0.000000000001180     0.521719745394378    -0.701809621876302
22 2
    -0.016457283287803    -0.006635031894184     0.009383352094750
    -0.006635031894922    -0.024118758192153    -0.005417480861071
     0.009383352092458    -0.005417480858468    -0.020288020741669
22 3
    -0.016457283287803     0.006635031897060    -0.009383352093350
     0.006635031896407    -0.024118758191699    -0.005417480861034
    -0.009383352095080    -0.005417480858826    -0.020288020742123
22 4
    -0.238789986088103    -0.162999951557686    -0.451822553190228
    -0.162999951551030    -0.050573854283387    -0.260859872709773
    -0.451822553183904    -0.260859872719459    -0.701809621886422
22 5
     0.055036370353324     0.000000000001851     0.000000000001562
    -0.000000000000559    -0.004963341450935     0.021213101542877
    -0.000000000000789     0.021213101543300     0.047536406375740
22 6
    -0.238789986084963     0.162999951548101     0.451822553181330
     0.162999951537403    -0.050573854269046    -0.260859872686718
     0.451822553168266    -0.260859872693464    -0.701809621856258
22 7
     0.010036586501875     0.025980637322124     0.018371084828541
     0.025980637320081     0.040036442401162    -0.010606550770652
     0.018371084826039    -0.010606550769372     0.047536406376624
22 8
     0.010036586500941    -0.025980637319706    -0.018371084828951
    -0.025980637321558     0.040036442398746    -0.010606550773052
    -0.018371084828468    -0.010606550771462     0.047536406377306
22 9
    -0.027949495640164    -0.000000000000130     0.000000000000464
    -0.000000000002676    -0.012626545838375     0.010834961715408
    -0.000000000001757     0.010834961714905    -0.020288020743462
22 10
     0.010036586500072     0.025980637320424     0.018371084829900
     0.025980637319118     0.040036442402453    -0.010606550772016
     0.018371084826955    -0.010606550770888     0.047536406377051
22 11
    -0.027949495640275     0.000000000001744     0.000000000001169
     0.000000000000194    -0.012626545839122     0.010834961712782
    -0.000000000001536     0.010834961711573    -0.020288020741699
22 12
     0.010036586501096    -0.025980637318715    -0.018371084830836
    -0.025980637320021     0.040036442400410    -0.010606550773700
    -0.018371084831801    -0.010606550773087     0.047536406374310
22 13
    -0.238789986095640    -0.162999951562791    -0.451822553198889
    -0.162999951560220    -0.050573854286456    -0.260859872722983
    -0.451822553178581    -0.260859872719949    -0.701809621876697
22 14
    -0.238789986080830     0.162999951547490     0.451822553174811
     0.162999951544806    -0.050573854273096    -0.260859872700611
     0.451822553173947    -0.260859872700317    -0.701809621869777
22 15
     0.055036370353744     0.000000000001996     0.000000000001915
    -0.000000000000177    -0.004963341452982     0.021213101543327
    -0.000000000000658     0.021213101543139     0.047536406375046
22 16
     0.043534211631627     0.000000000001545    -0.000000000000408
     0.000000000001545    -0.332898051980364     0.521719745404734
    -0.000000000000408     0.521719745404734    -0.701809621894556
22 17
    -0.016457283288317     0.006635031896292    -0.009383352092668
     0.006635031894287    -0.024118758189979    -0.005417480857423
    -0.009383352094975    -0.005417480858632    -0.020288020747010
22 18
    -0.016457283288554    -0.006635031892940     0.009383352094776
    -0.006635031895430    -0.024118758193318    -0.005417480859377
     0.009383352093077    -0.005417480859040    -0.020288020741541
22 19
    -0.238789986099179    -0.480315705526207    -0.003070310376287
    -0.480315705511792    -0.793410789840420     0.001772644516396
    -0.003070310373924     0.001772644525003     0.041027313704831
22 20
    -0.238789986084455     0.480315705498714     0.003070310366566
     0.480315705488828    -0.793410789787640     0.001772644533020
     0.003070310358659     0.001772644545658     0.041027313703384
22 21
     0.055036370354007     0.000000000003140     0.000000000002638
     0.000000000001267     0.055036370350367    -0.000000000002302
    -0.000000000000964    -0.000000000003219    -0.012463305426963
22 22
     3.826130145860946     0.000000000107591     0.000000000074577
     0.000000000107591     3.826130145824454     0.000000000009548
     0.000000000074577     0.000000000009548     3.826130146091174
22 23
    -1.070721191698897    -0.000000000023394    -0.000000000017713
    -0.000000000010172     0.038520415779664    -0.003545289045221
    -0.000000000008050    -0.003545289045150     0.041027313705749
22 24
    -1.070721191695809    -0.000000000024781    -0.000000000017171
    -0.000000000022008     0.038520415781256    -0.003545289043806
    -0.000000000006461    -0.003545289044900     0.041027313702057
22 25
    -0.238789986099511    -0.480315705525508    -0.003070310376641
    -0.480315705512737    -0.793410789839953     0.001772644517927
    -0.003070310373544     0.001772644523349     0.041027313706496
22 26
     0.055036370353744     0.000000000002386     0.000000000002140
    -0.000000000000001     0.055036370349304     0.000000000000625
    -0.000000000000907    -0.000000000001398    -0.012463305429149
22 27
    -0.238789986080830     0.480315705492839     0.003070310367513
     0.480315705490155    -0.793410789792644     0.001772644531749
     0.003070310366650     0.001772644532043     0.041027313703862
23 1
    -0.016457283290959     0.006635031898052    -0.009383352093011
     0.006635031899321    -0.024118758193958    -0.005417480860654
    -0.009383352090944    -0.005417480858571    -0.020288020737923
23 2
     0.043534211628577     0.000000000001784     0.000000000001588
     0.000000000003536    -0.332898051991753     0.521719745400136
     0.000000000000995     0.521719745402401    -0.701809621858430
23 3
    -0.016457283290239    -0.006635031893900     0.009383352095469
    -0.006635031892148    -0.024118758193457    -0.005417480860791
     0.009383352094875    -0.005417480858526    -0.020288020737911
23 4
    -0.238789986092149     0.162999951552769     0.451822553167925
     0.162999951548236    -0.050573854274074    -0.260859872685809
     0.451822553180276    -0.260859872699846    -0.701809621838393
23 5
    -0.238789986082226    -0.162999951554637    -0.451822553169991
    -0.162999951550561    -0.050573854283266    -0.260859872706969
    -0.451822553171683    -0.260859872714883    -0.701809621856981
23 6
     0.055036370350728     0.000000000000521     0.000000000001176
     0.000000000001913    -0.004963341452923     0.021213101542265
     0.000000000001603     0.021213101544406     0.047536406379099
23 7
    -0.027949495642871     0.000000000001977    -0.000000000000546
     0.000000000001713    -0.012626545840337     0.010834961715809
    -0.000000000000963     0.010834961716438    -0.020288020740422
23 8
     0.010036586498542     0.025980637320894     0.018371084829269
     0.025980637320941     0.040036442400383    -0.010606550771281
     0.018371084829944    -0.010606550770467     0.047536406380437
23 9
     0.010036586500087    -0.025980637319292    -0.018371084827258
    -0.025980637319973     0.040036442399374    -0.010606550772356
    -0.018371084828000    -0.010606550772085     0.047536406378799
23 10
     0.010036586497673    -0.025980637321408    -0.018371084827904
    -0.025980637319176     0.040036442399466    -0.010606550773514
    -0.018371084828315    -0.010606550772267     0.047536406378504
23 11
     0.010036586499179     0.025980637322994     0.018371084830939
     0.025980637323409     0.040036442399634    -0.010606550772704
     0.018371084829309    -0.010606550773461     0.047536406380110
23 12
    -0.027949495643451     0.000000000001398    -0.000000000001918
     0.000000000001359    -0.012626545837647     0.010834961713247
    -0.000000000001937     0.010834961714507    -0.020288020742008
23 13
     0.055036370350072     0.000000000000333     0.000000000001379
     0.000000000001710    -0.004963341450364     0.021213101542494
     0.000000000000892     0.021213101540946     0.047536406379918
23 14
    -0.238789986086025    -0.162999951556169    -0.451822553177679
    -0.162999951556605    -0.050573854287896    -0.260859872720448
    -0.451822553183264    -0.260859872723607    -0.701809621876809
23 15
    -0.238789986094922     0.162999951553928     0.451822553175152
     0.162999951544803    -0.050573854273930    -0.260859872681771
     0.451822553183987    -0.260859872703005    -0.701809621843161
23 16
    -0.016457283288554    -0.006635031895430     0.009383352093077
    -0.006635031892940    -0.024118758193318    -0.005417480859040
     0.009383352094776    -0.005417480859377    -0.020288020741541
23 17
     0.043534211627815    -0.000000000002890     0.000000000008564
     0.000000000002043    -0.332898051988916     0.521719745399836
     0.000000000001263     0.521719745417075    -0.701809621883201
23 18
    -0.016457283290989     0.006635031898791    -0.009383352092210
     0.006635031898791    -0.024118758194354    -0.005417480859192
    -0.009383352092210    -0.005417480859192    -0.020288020738050
23 19
     0.055036370350405     0.000000000000255     0.000000000001632
     0.000000000002200     0.055036370351150    -0.000000000001877
     0.000000000001155    -0.000000000001096    -0.012463305424255
23 20
    -0.238789986086287    -0.480315705510758    -0.003070310374655
    -0.480315705496700    -0.793410789835422     0.001772644522493
    -0.003070310374653     0.001772644523361     0.041027313705651
23 21
    -0.238789986100660     0.480315705519110     0.003070310372126
     0.480315705519524    -0.793410789828902     0.001772644529206
     0.003070310370496     0.001772644528449     0.041027313708485
23 22
    -1.070721191698897    -0.000000000010172    -0.000000000008050
    -0.000000000023394     0.038520415779664    -0.003545289045150
    -0.000000000017713    -0.003545289045221     0.041027313705749
23 23
     3.826130145924563     0.000000000002953     0.000000000001560
     0.000000000002953     3.826130145923375    -0.000000000001912
     0.000000000001560    -0.000000000001912     3.826130145928675
23 24
    -1.070721191707639    -0.000000000009621    -0.000000000005808
    -0.000000000020071     0.038520415780684    -0.003545289043729
    -0.000000000004761    -0.003545289044895     0.041027313704549
23 25
    -0.238789986097574     0.480315705507784     0.003070310370926
     0.480315705505508    -0.793410789806310     0.001772644530960
     0.003070310366840     0.001772644535588     0.041027313709131
23 26
    -0.238789986085678    -0.480315705511515    -0.003070310371782
    -0.480315705508246    -0.793410789856924     0.001772644524171
    -0.003070310364666     0.001772644538209     0.041027313706656
23 27
     0.055036370351481     0.000000000002248     0.000000000000027
     0.000000000001850     0.055036370350022    -0.000000000003421
     0.000000000001137    -0.000000000002967    -0.012463305426679
24 1
    -0.016457283290884    -0.006635031894920     0.009383352094716
    -0.006635031894101    -0.024118758191470    -0.005417480859771
     0.009383352097365    -0.005417480856376    -0.020288020742703
24 2
    -0.016457283290001     0.006635031895936    -0.009383352092750
     0.006635031897288    -0.024118758190303    -0.005417480860120
    -0.009383352092173    -0.005417480856704    -0.020288020743194
24 3
     0.043534211628566     0.000000000000799     0.000000000001237
    -0.000000000002382    -0.332898051987751     0.521719745415381
     0.000000000007945     0.521719745400408    -0.701809621883330
24 4
     0.055036370351314     0.000000000001965    -0.000000000000007
     0.000000000001004    -0.004963341450603     0.021213101544229
     0.000000000000852     0.021213101545744     0.047536406373491
24 5
    -0.238789986093766     0.162999951542791     0.451822553183455
     0.162999951542162    -0.050573854264642    -0.260859872687138
     0.451822553181928    -0.260859872685301    -0.701809621861041
24 6
    -0.238789986083052    -0.162999951551827    -0.451822553178958
    -0.162999951551744    -0.050573854280004    -0.260859872711526
    -0.451822553169995    -0.260859872705358    -0.701809621872934
24 7
     0.010036586499820    -0.025980637319087    -0.018371084828834
    -0.025980637319732     0.040036442400294    -0.010606550771499
    -0.018371084828391    -0.010606550769807     0.047536406374363
24 8
    -0.027949495643313    -0.000000000001978     0.000000000000674
    -0.000000000001904    -0.012626545837998     0.010834961716070
     0.000000000002241     0.010834961717671    -0.020288020743766
24 9
     0.010036586499644     0.025980637319629     0.018371084829740
     0.025980637319339     0.040036442403068    -0.010606550771039
     0.018371084829251    -0.010606550769579     0.047536406375873
24 10
    -0.027949495645650    -0.000000000002942     0.000000000000931
    -0.000000000001589    -0.012626545835939     0.010834961713995
     0.000000000000848     0.010834961715868    -0.020288020744058
24 11
     0.010036586500616    -0.025980637319043    -0.018371084826995
    -0.025980637319274     0.040036442399958    -0.010606550773322
    -0.018371084827650    -0.010606550772890     0.047536406376133
24 12
     0.010036586499304     0.025980637320256     0.018371084827510
     0.025980637320359     0.040036442403708    -0.010606550772050
     0.018371084827992    -0.010606550769680     0.047536406374449
24 13
    -0.238789986099869     0.162999951544584     0.451822553189853
     0.162999951544449    -0.050573854265228    -0.260859872690982
     0.451822553178831    -0.260859872685114    -0.701809621853675
24 14
     0.055036370351438     0.000000000001200    -0.000000000000095
     0.000000000000452    -0.004963341449631     0.021213101541006
     0.000000000001265     0.021213101541712     0.047536406373593
24 15
    -0.238789986081834    -0.162999951550967    -0.451822553178012
    -0.162999951551533    -0.050573854281246    -0.260859872710868
    -0.451822553170967    -0.260859872706303    -0.701809621874676
24 16
    -0.016457283288317     0.006635031894287    -0.009383352094975
     0.006635031896292    -0.024118758189979    -0.005417480858632
    -0.009383352092668    -0.005417480857423    -0.020288020747010
24 17
    -0.016457283290839    -0.006635031896156     0.009383352096120
    -0.006635031896156    -0.024118758189110    -0.005417480856209
     0.009383352096120    -0.005417480856209    -0.020288020747878
24 18
     0.043534211627815     0.000000000002043     0.000000000001263
    -0.000000000002890    -0.332898051988916     0.521719745417075
     0.000000000008564     0.521719745399836    -0.701809621883201
24 19
    -0.238789986091794     0.480315705494033     0.003070310367124
     0.480315705495618    -0.793410789784464     0.001772644536520
     0.003070310367044     0.001772644538585     0.041027313703720
24 20
     0.055036370351296     0.000000000001293    -0.000000000001631
     0.000000000001229     0.055036370352784    -0.000000000001383
     0.000000000000710     0.000000000000538    -0.012463305432065
24 21
    -0.238789986085053    -0.480315705497293    -0.003070310366996
    -0.480315705510625    -0.793410789835364     0.001772644531042
    -0.003070310372461     0.001772644522804     0.041027313704662
24 22
    -1.070721191695809    -0.000000000022008    -0.000000000006461
    -0.000000000024781     0.038520415781256    -0.003545289044900
    -0.000000000017171    -0.003545289043806     0.041027313702057
24 23
    -1.070721191707639    -0.000000000020071    -0.000000000004761
    -0.000000000009621     0.038520415780684    -0.003545289044895
    -0.000000000005808    -0.003545289043729     0.041027313704549
24 24
     3.826130145903502     0.000000000074306    -0.000000000011385
     0.000000000074306     3.826130145779979    -0.000000000069058
    -0.000000000011385    -0.000000000069058     3.826130146088699
24 25
     0.055036370350029     0.000000000000082     0.000000000000906
     0.000000000000024     0.055036370352858    -0.000000000000168
     0.000000000002205    -0.000000000000917    -0.012463305427497
24 26
    -0.238789986085603     0.480315705488248     0.003070310367562
     0.480315705503298    -0.793410789801070     0.001772644538280
     0.003070310361758     0.001772644548177     0.041027313703009
24 27
    -0.238789986089923    -0.480315705505161    -0.003070310369232
    -0.480315705509489    -0.793410789830869     0.001772644529964
    -0.003070310376251     0.001772644516912     0.041027313702431
25 1
     0.010036586497025     0.025980637319652     0.018371084828433
     0.025980637321983     0.040036442402410    -0.010606550774360
     0.018371084831020    -0.010606550769890     0.047536406381020
25 2
     0.010036586498091    -0.025980637321365    -0.018371084827961
    -0.025980637320200     0.040036442401098    -0.010606550775615
    -0.018371084828878    -0.010606550771412     0.047536406380041
25 3
    -0.027949495645419    -0.000000000001868     0.000000000000414
    -0.000000000000054    -0.012626545836758     0.010834961710825
     0.000000000000184     0.010834961715065    -0.020288020737342
25 4
     0.043534211627832     0.000000000004995    -0.000000000006617
    -0.000000000004460    -0.332898051997197     0.521719745418902
     0.000000000006012     0.521719745414676    -0.701809621876947
25 5
    -0.016457283291286    -0.006635031898164     0.009383352094392
    -0.006635031899242    -0.024118758190076    -0.005417480856265
     0.009383352093899    -0.005417480854053    -0.020288020737885
25 6
    -0.016457283291761     0.006635031892356    -0.009383352093770
     0.006635031892924    -0.024118758190154    -0.005417480856772
    -0.009383352093394    -0.005417480853714    -0.020288020737239
25 7
    -0.238789986096372    -0.162999951558735    -0.451822553177602
    -0.162999951554650    -0.050573854280852    -0.260859872702647
    -0.451822553191586    -0.260859872715366    -0.701809621861957
25 8
     0.055036370350118    -0.000000000001175     0.000000000000669
    -0.000000000001161    -0.004963341450095     0.021213101542182
     0.000000000001583     0.021213101545871     0.047536406379900
25 9
    -0.238789986094600     0.162999951541812     0.451822553171345
     0.162999951541319    -0.050573854263805    -0.260859872680852
     0.451822553180840    -0.260859872684884    -0.701809621836911
25 10
     0.043534211626601    -0.000000000006471     0.000000000007261
    -0.000000000004828    -0.332898051983837     0.521719745399657
     0.000000000006526     0.521719745402842    -0.701809621861506
25 11
    -0.016457283291044     0.006635031895205    -0.009383352092322
     0.006635031895278    -0.024118758190488    -0.005417480859044
    -0.009383352094090    -0.005417480857907    -0.020288020736809
25 12
    -0.016457283291796    -0.006635031897412     0.009383352091112
    -0.006635031897547    -0.024118758187974    -0.005417480857980
     0.009383352091837    -0.005417480855156    -0.020288020740277
25 13
     0.010036586496337     0.025980637318422     0.018371084828852
     0.025980637318422     0.040036442404908    -0.010606550770638
     0.018371084828852    -0.010606550770638     0.047536406381951
25 14
    -0.027949495644632    -0.000000000002169    -0.000000000001501
    -0.000000000002826    -0.012626545836484     0.010834961711338
    -0.000000000000925     0.010834961714058    -0.020288020740480
25 15
     0.010036586498620    -0.025980637321294    -0.018371084827504
    -0.025980637322326     0.040036442399190    -0.010606550772314
    -0.018371084828792    -0.010606550770716     0.047536406378965
25 16
    -0.238789986095640    -0.162999951560220    -0.451822553178581
    -0.162999951562791    -0.050573854286456    -0.260859872719949
    -0.451822553198889    -0.260859872722983    -0.701809621876697
25 17
    -0.238789986099869     0.162999951544449     0.451822553178831
     0.162999951544584    -0.050573854265228    -0.260859872685114
     0.451822553189853    -0.260859872690982    -0.701809621853675
25 18
     0.055036370350072     0.000000000001710     0.000000000000892
     0.000000000000333    -0.004963341450364     0.021213101540946
     0.000000000001379     0.021213101542494     0.047536406379918
25 19
    -0.238789986111319    -0.480315705530072    -0.003070310372078
    -0.480315705528428    -0.793410789841219     0.001772644523636
    -0.003070310372812     0.001772644526821     0.041027313708234
25 20
     0.055036370350729     0.000000000000469    -0.000000000001767
     0.000000000000464     0.055036370353666    -0.000000000001915
    -0.000000000000725     0.000000000000755    -0.012463305426177
25 21
    -0.238789986096047     0.480315705505080     0.003070310367643
     0.480315705507771    -0.793410789805796     0.001772644535656
     0.003070310370100     0.001772644530270     0.041027313709407
25 22
    -0.238789986099511    -0.480315705512737    -0.003070310373544
    -0.480315705525508    -0.793410789839953     0.001772644523349
    -0.003070310376641     0.001772644517927     0.041027313706496
25 23
    -0.238789986097574     0.480315705505508     0.003070310366840
     0.480315705507784    -0.793410789806310     0.001772644535588
     0.003070310370926     0.001772644530960     0.041027313709131
25 24
     0.055036370350029     0.000000000000024     0.000000000002205
     0.000000000000082     0.055036370352858    -0.000000000000917
     0.000000000000906    -0.000000000000168    -0.012463305427497
25 25
     3.826130146034398     0.000000000148944     0.000000000041428
     0.000000000148944     3.826130145825756    -0.000000000037974
     0.000000000041428    -0.000000000037974     3.826130145921282
25 26
    -1.070721191715900    -0.000000000033703    -0.000000000012595
    -0.000000000028410     0.038520415780963    -0.003545289043410
    -0.000000000009655    -0.003545289041907     0.041027313707812
25 27
    -1.070721191717081    -0.000000000033243    -0.000000000014477
    -0.000000000027455     0.038520415782197    -0.003545289046310
    -0.000000000018957    -0.003545289043988     0.041027313707241
26 1
    -0.027949495642252    -0.000000000000522    -0.000000000000320
     0.000000000001092    -0.012626545841296     0.010834961713570
     0.000000000003113     0.010834961716317    -0.020288020740202
26 2
     0.010036586500511     0.025980637319908     0.018371084828946
     0.025980637322262     0.040036442400306    -0.010606550773106
     0.018371084829596    -0.010606550770051     0.047536406378567
26 3
     0.010036586501258    -0.025980637320835    -0.018371084827895
    -0.025980637318639     0.040036442398492    -0.010606550773940
    -0.018371084827525    -0.010606550771334     0.047536406377977
26 4
    -0.016457283287685     0.006635031895563    -0.009383352095255
     0.006635031895607    -0.024118758193847    -0.005417480853436
    -0.009383352094331    -0.005417480852159    -0.020288020742036
26 5
     0.043534211630155    -0.000000000004531     0.000000000007229
    -0.000000000004767    -0.332898052011686     0.521719745430420
     0.000000000007451     0.521719745431032    -0.701809621893174
26 6
    -0.016457283288476    -0.006635031898317     0.009383352093983
    -0.006635031897669    -0.024118758194556    -0.005417480853947
     0.009383352095902    -0.005417480852344    -0.020288020739766
26 7
    -0.238789986084884     0.162999951538893     0.451822553167697
     0.162999951543484    -0.050573854267456    -0.260859872684789
     0.451822553171213    -0.260859872677591    -0.701809621840896
26 8
    -0.238789986082151    -0.162999951552678    -0.451822553172933
    -0.162999951552031    -0.050573854282245    -0.260859872706732
    -0.451822553171014    -0.260859872705130    -0.701809621860034
26 9
     0.055036370352791    -0.000000000000047     0.000000000001001
    -0.000000000000283    -0.004963341453092     0.021213101544906
     0.000000000001223     0.021213101545517     0.047536406376290
26 10
    -0.016457283290535    -0.006635031899560     0.009383352094385
    -0.006635031897075    -0.024118758192590    -0.005417480855745
     0.009383352094365    -0.005417480854161    -0.020288020740244
26 11
     0.043534211630727     0.000000000001148     0.000000000001629
    -0.000000000002948    -0.332898052002811     0.521719745414914
     0.000000000007544     0.521719745417164    -0.701809621875809
26 12
    -0.016457283288187     0.006635031894914    -0.009383352096771
     0.006635031895090    -0.024118758191048    -0.005417480855722
    -0.009383352095325    -0.005417480854388    -0.020288020743809
26 13
     0.010036586498620    -0.025980637322326    -0.018371084828792
    -0.025980637321294     0.040036442399190    -0.010606550770716
    -0.018371084827504    -0.010606550772314     0.047536406378965
26 14
     0.010036586501506     0.025980637319902     0.018371084827239
     0.025980637319706     0.040036442400215    -0.010606550771949
     0.018371084829309    -0.010606550771195     0.047536406377078
26 15
    -0.027949495640226    -0.000000000001940     0.000000000000931
    -0.000000000001940    -0.012626545842477     0.010834961718176
     0.000000000000931     0.010834961718176    -0.020288020742510
26 16
     0.055036370353744    -0.000000000000177    -0.000000000000658
     0.000000000001996    -0.004963341452982     0.021213101543139
     0.000000000001915     0.021213101543327     0.047536406375046
26 17
    -0.238789986081834    -0.162999951551533    -0.451822553170967
    -0.162999951550967    -0.050573854281247    -0.260859872706303
    -0.451822553178012    -0.260859872710868    -0.701809621874676
26 18
    -0.238789986094922     0.162999951544803     0.451822553183987
     0.162999951553928    -0.050573854273930    -0.260859872703005
     0.451822553175152    -0.260859872681771    -0.701809621843161
26 19
    -0.238789986086105     0.480315705501679     0.003070310361132
     0.480315705488215    -0.793410789800744     0.001772644547125
     0.003070310366856     0.001772644539293     0.041027313706012
26 20
    -0.238789986089284    -0.480315705516556    -0.003070310367083
    -0.480315705505765    -0.793410789843512     0.001772644538491
    -0.003070310374198     0.001772644525321     0.041027313704186
26 21
     0.055036370353473     0.000000000001241     0.000000000002077
     0.000000000001757     0.055036370349459    -0.000000000001197
     0.000000000001522    -0.000000000000091    -0.012463305425203
26 22
     0.055036370353744    -0.000000000000001    -0.000000000000907
     0.000000000002386     0.055036370349304    -0.000000000001398
     0.000000000002140     0.000000000000625    -0.012463305429149
26 23
    -0.238789986085678    -0.480315705508246    -0.003070310364666
    -0.480315705511515    -0.793410789856924     0.001772644538209
    -0.003070310371782     0.001772644524171     0.041027313706656
26 24
    -0.238789986085603     0.480315705503298     0.003070310361758
     0.480315705488248    -0.793410789801070     0.001772644548177
     0.003070310367562     0.001772644538280     0.041027313703009
26 25
    -1.070721191715900    -0.000000000028410    -0.000000000009655
    -0.000000000033703     0.038520415780963    -0.003545289041907
    -0.000000000012595    -0.003545289043410     0.041027313707812
26 26
     3.826130145855080     0.000000000111368     0.000000000014552
     0.000000000111368     3.826130145926243    -0.000000000138598
     0.000000000014552    -0.000000000138598     3.826130145994120
26 27
    -1.070721191687883    -0.000000000027037    -0.000000000010644
    -0.000000000026542     0.038520415779340    -0.003545289044637
    -0.000000000018063    -0.003545289043817     0.041027313704948
27 1
     0.010036586499911    -0.025980637320129    -0.018371084829934
    -0.025980637318232     0.040036442398811    -0.010606550776062
    -0.018371084827475    -0.010606550773944     0.047536406377456
27 2
    -0.027949495642049    -0.000000000000789    -0.000000000000358
     0.000000000001683    -0.012626545838303     0.010834961710423
    -0.000000000001164     0.010834961711942    -0.020288020741544
27 3
     0.010036586500149     0.025980637320131     0.018371084829203
     0.025980637322680     0.040036442401359    -0.010606550775036
     0.018371084827783    -0.010606550772737     0.047536406378089
27 4
    -0.016457283288115    -0.006635031895602     0.009383352091957
    -0.006635031895584    -0.024118758192322    -0.005417480856674
     0.009383352091236    -0.005417480856063    -0.020288020742835
27 5
    -0.016457283287945     0.006635031894023    -0.009383352094073
     0.006635031894328    -0.024118758191041    -0.005417480857391
    -0.009383352095528    -0.005417480857570    -0.020288020742637
27 6
     0.043534211628883    -0.000000000005056     0.000000000006404
     0.000000000000394    -0.332898051995637     0.521719745427576
     0.000000000000263     0.521719745406825    -0.701809621891910
27 7
     0.055036370352156     0.000000000001735    -0.000000000000542
     0.000000000001523    -0.004963341451459     0.021213101542843
    -0.000000000001043     0.021213101543652     0.047536406375513
27 8
    -0.238789986085962     0.162999951546383     0.451822553180632
     0.162999951538370    -0.050573854268877    -0.260859872687317
     0.451822553168431    -0.260859872694356    -0.701809621855699
27 9
    -0.238789986085570    -0.162999951558389    -0.451822553184051
    -0.162999951553877    -0.050573854284023    -0.260859872715087
    -0.451822553180158    -0.260859872719842    -0.701809621880215
27 10
    -0.016457283290802     0.006635031892387    -0.009383352094721
     0.006635031894652    -0.024118758189811    -0.005417480859494
    -0.009383352095590    -0.005417480858555    -0.020288020742135
27 11
    -0.016457283288027    -0.006635031895085     0.009383352094882
    -0.006635031894477    -0.024118758192635    -0.005417480859908
     0.009383352092417    -0.005417480860622    -0.020288020740705
27 12
     0.043534211629416     0.000000000005280    -0.000000000008296
     0.000000000001446    -0.332898051981661     0.521719745409219
    -0.000000000002107     0.521719745409032    -0.701809621899449
27 13
    -0.027949495644632    -0.000000000002826    -0.000000000000925
    -0.000000000002169    -0.012626545836484     0.010834961714058
    -0.000000000001501     0.010834961711338    -0.020288020740480
27 14
     0.010036586500535    -0.025980637320178    -0.018371084830539
    -0.025980637320178     0.040036442398762    -0.010606550775653
    -0.018371084830539    -0.010606550775653     0.047536406375347
27 15
     0.010036586501506     0.025980637319706     0.018371084829309
     0.025980637319902     0.040036442400215    -0.010606550771195
     0.018371084827239    -0.010606550771949     0.047536406377078
27 16
    -0.238789986080830     0.162999951544806     0.451822553173947
     0.162999951547490    -0.050573854273096    -0.260859872700317
     0.451822553174811    -0.260859872700611    -0.701809621869777
27 17
     0.055036370351438     0.000000000000452     0.000000000001265
     0.000000000001200    -0.004963341449631     0.021213101541712
    -0.000000000000095     0.021213101541006     0.047536406373593
27 18
    -0.238789986086025    -0.162999951556605    -0.451822553183264
    -0.162999951556169    -0.050573854287896    -0.260859872723607
    -0.451822553177679    -0.260859872720448    -0.701809621876809
27 19
     0.055036370351204    -0.000000000000846     0.000000000000726
     0.000000000001496     0.055036370351678    -0.000000000002448
    -0.000000000000860    -0.000000000002122    -0.012463305427365
27 20
    -0.238789986085454     0.480315705496997     0.003070310365868
     0.480315705489795    -0.793410789787472     0.001772644532422
     0.003070310358825     0.001772644544766     0.041027313703944
27 21
    -0.238789986084498    -0.480315705501755    -0.003070310376049
    -0.480315705510758    -0.793410789843312     0.001772644515697
    -0.003070310374496     0.001772644520511     0.041027313706443
27 22
    -0.238789986080830     0.480315705490155     0.003070310366650
     0.480315705492839    -0.793410789792644     0.001772644532043
     0.003070310367513     0.001772644531749     0.041027313703862
27 23
     0.055036370351481     0.000000000001850     0.000000000001137
     0.000000000002248     0.055036370350022    -0.000000000002967
     0.000000000000027    -0.000000000003421    -0.012463305426679
27 24
    -0.238789986089923    -0.480315705509489    -0.003070310376251
    -0.480315705505161    -0.793410789830869     0.001772644516912
    -0.003070310369232     0.001772644529964     0.041027313702431
27 25
    -1.070721191717081    -0.000000000027455    -0.000000000018957
    -0.000000000033243     0.038520415782197    -0.003545289043988
    -0.000000000014477    -0.003545289046310     0.041027313707241
27 26
    -1.070721191687883    -0.000000000026542    -0.000000000018063
    -0.000000000027037     0.038520415779340    -0.003545289043817
    -0.000000000010644    -0.003545289044637     0.041027313704948
27 27
     3.826130145858949     0.000000000106841     0.000000000074045
     0.000000000106841     3.826130145824792     0.000000000008057
     0.000000000074045     0.000000000008057     3.826130146092293